[
    {
      "kr": "아프가니스탄",
      "pt-BR": "Afeganistão",
      "pt": "Afeganistão",
      "nl": "Afghanistan",
      "hr": "Afganistan",
      "fa": "افغانستان",
      "de": "Afghanistan",
      "es": "Afganistán",
      "fr": "Afghanistan",
      "ja": "アフガニスタン",
      "it": "Afghanistan",
      "cn": "阿富汗",
      "tr": "Afganistan"
    },
    {
      "kr": "올란드 제도",
      "pt-BR": "Ilhas de Aland",
      "pt": "Ilhas de Aland",
      "nl": "Ålandeilanden",
      "hr": "Ålandski otoci",
      "fa": "جزایر الند",
      "de": "Åland",
      "es": "Alandia",
      "fr": "Åland",
      "ja": "オーランド諸島",
      "it": "Isole Aland",
      "cn": "奥兰群岛",
      "tr": "Åland Adalari"
    },
    {
      "kr": "알바니아",
      "pt-BR": "Albânia",
      "pt": "Albânia",
      "nl": "Albanië",
      "hr": "Albanija",
      "fa": "آلبانی",
      "de": "Albanien",
      "es": "Albania",
      "fr": "Albanie",
      "ja": "アルバニア",
      "it": "Albania",
      "cn": "阿尔巴尼亚",
      "tr": "Arnavutluk"
    },
    {
      "kr": "알제리",
      "pt-BR": "Argélia",
      "pt": "Argélia",
      "nl": "Algerije",
      "hr": "Alžir",
      "fa": "الجزایر",
      "de": "Algerien",
      "es": "Argelia",
      "fr": "Algérie",
      "ja": "アルジェリア",
      "it": "Algeria",
      "cn": "阿尔及利亚",
      "tr": "Cezayir"
    },
    {
      "kr": "아메리칸사모아",
      "pt-BR": "Samoa Americana",
      "pt": "Samoa Americana",
      "nl": "Amerikaans Samoa",
      "hr": "Američka Samoa",
      "fa": "ساموآی آمریکا",
      "de": "Amerikanisch-Samoa",
      "es": "Samoa Americana",
      "fr": "Samoa américaines",
      "ja": "アメリカ領サモア",
      "it": "Samoa Americane",
      "cn": "美属萨摩亚",
      "tr": "Amerikan Samoasi"
    },
    {
      "kr": "안도라",
      "pt-BR": "Andorra",
      "pt": "Andorra",
      "nl": "Andorra",
      "hr": "Andora",
      "fa": "آندورا",
      "de": "Andorra",
      "es": "Andorra",
      "fr": "Andorre",
      "ja": "アンドラ",
      "it": "Andorra",
      "cn": "安道尔",
      "tr": "Andorra"
    },
    {
      "kr": "앙골라",
      "pt-BR": "Angola",
      "pt": "Angola",
      "nl": "Angola",
      "hr": "Angola",
      "fa": "آنگولا",
      "de": "Angola",
      "es": "Angola",
      "fr": "Angola",
      "ja": "アンゴラ",
      "it": "Angola",
      "cn": "安哥拉",
      "tr": "Angola"
    },
    {
      "kr": "앵귈라",
      "pt-BR": "Anguila",
      "pt": "Anguila",
      "nl": "Anguilla",
      "hr": "Angvila",
      "fa": "آنگویلا",
      "de": "Anguilla",
      "es": "Anguilla",
      "fr": "Anguilla",
      "ja": "アンギラ",
      "it": "Anguilla",
      "cn": "安圭拉",
      "tr": "Anguilla"
    },
    {
      "kr": "남극",
      "pt-BR": "Antártida",
      "pt": "Antárctida",
      "nl": "Antarctica",
      "hr": "Antarktika",
      "fa": "جنوبگان",
      "de": "Antarktika",
      "es": "Antártida",
      "fr": "Antarctique",
      "ja": "南極大陸",
      "it": "Antartide",
      "cn": "南极洲",
      "tr": "Antartika"
    },
    {
      "kr": "앤티가 바부다",
      "pt-BR": "Antígua e Barbuda",
      "pt": "Antígua e Barbuda",
      "nl": "Antigua en Barbuda",
      "hr": "Antigva i Barbuda",
      "fa": "آنتیگوا و باربودا",
      "de": "Antigua und Barbuda",
      "es": "Antigua y Barbuda",
      "fr": "Antigua-et-Barbuda",
      "ja": "アンティグア・バーブーダ",
      "it": "Antigua e Barbuda",
      "cn": "安提瓜和巴布达",
      "tr": "Antigua Ve Barbuda"
    },
    {
      "kr": "아르헨티나",
      "pt-BR": "Argentina",
      "pt": "Argentina",
      "nl": "Argentinië",
      "hr": "Argentina",
      "fa": "آرژانتین",
      "de": "Argentinien",
      "es": "Argentina",
      "fr": "Argentine",
      "ja": "アルゼンチン",
      "it": "Argentina",
      "cn": "阿根廷",
      "tr": "Arjantin"
    },
    {
      "kr": "아르메니아",
      "pt-BR": "Armênia",
      "pt": "Arménia",
      "nl": "Armenië",
      "hr": "Armenija",
      "fa": "ارمنستان",
      "de": "Armenien",
      "es": "Armenia",
      "fr": "Arménie",
      "ja": "アルメニア",
      "it": "Armenia",
      "cn": "亚美尼亚",
      "tr": "Ermenistan"
    },
    {
      "kr": "아루바",
      "pt-BR": "Aruba",
      "pt": "Aruba",
      "nl": "Aruba",
      "hr": "Aruba",
      "fa": "آروبا",
      "de": "Aruba",
      "es": "Aruba",
      "fr": "Aruba",
      "ja": "アルバ",
      "it": "Aruba",
      "cn": "阿鲁巴",
      "tr": "Aruba"
    },
    {
      "kr": "호주",
      "pt-BR": "Austrália",
      "pt": "Austrália",
      "nl": "Australië",
      "hr": "Australija",
      "fa": "استرالیا",
      "de": "Australien",
      "es": "Australia",
      "fr": "Australie",
      "ja": "オーストラリア",
      "it": "Australia",
      "cn": "澳大利亚",
      "tr": "Avustralya"
    },
    {
      "kr": "오스트리아",
      "pt-BR": "Áustria",
      "pt": "Áustria",
      "nl": "Oostenrijk",
      "hr": "Austrija",
      "fa": "اتریش",
      "de": "Österreich",
      "es": "Austria",
      "fr": "Autriche",
      "ja": "オーストリア",
      "it": "Austria",
      "cn": "奥地利",
      "tr": "Avusturya"
    },
    {
      "kr": "아제르바이잔",
      "pt-BR": "Azerbaijão",
      "pt": "Azerbaijão",
      "nl": "Azerbeidzjan",
      "hr": "Azerbajdžan",
      "fa": "آذربایجان",
      "de": "Aserbaidschan",
      "es": "Azerbaiyán",
      "fr": "Azerbaïdjan",
      "ja": "アゼルバイジャン",
      "it": "Azerbaijan",
      "cn": "阿塞拜疆",
      "tr": "Azerbaycan"
    },
    {
      "kr": "바레인",
      "pt-BR": "Bahrein",
      "pt": "Barém",
      "nl": "Bahrein",
      "hr": "Bahrein",
      "fa": "بحرین",
      "de": "Bahrain",
      "es": "Bahrein",
      "fr": "Bahreïn",
      "ja": "バーレーン",
      "it": "Bahrein",
      "cn": "巴林",
      "tr": "Bahreyn"
    },
    {
      "kr": "방글라데시",
      "pt-BR": "Bangladesh",
      "pt": "Bangladeche",
      "nl": "Bangladesh",
      "hr": "Bangladeš",
      "fa": "بنگلادش",
      "de": "Bangladesch",
      "es": "Bangladesh",
      "fr": "Bangladesh",
      "ja": "バングラデシュ",
      "it": "Bangladesh",
      "cn": "孟加拉",
      "tr": "Bangladeş"
    },
    {
      "kr": "바베이도스",
      "pt-BR": "Barbados",
      "pt": "Barbados",
      "nl": "Barbados",
      "hr": "Barbados",
      "fa": "باربادوس",
      "de": "Barbados",
      "es": "Barbados",
      "fr": "Barbade",
      "ja": "バルバドス",
      "it": "Barbados",
      "cn": "巴巴多斯",
      "tr": "Barbados"
    },
    {
      "kr": "벨라루스",
      "pt-BR": "Bielorrússia",
      "pt": "Bielorrússia",
      "nl": "Wit-Rusland",
      "hr": "Bjelorusija",
      "fa": "بلاروس",
      "de": "Weißrussland",
      "es": "Bielorrusia",
      "fr": "Biélorussie",
      "ja": "ベラルーシ",
      "it": "Bielorussia",
      "cn": "白俄罗斯",
      "tr": "Belarus"
    },
    {
      "kr": "벨기에",
      "pt-BR": "Bélgica",
      "pt": "Bélgica",
      "nl": "België",
      "hr": "Belgija",
      "fa": "بلژیک",
      "de": "Belgien",
      "es": "Bélgica",
      "fr": "Belgique",
      "ja": "ベルギー",
      "it": "Belgio",
      "cn": "比利时",
      "tr": "Belçika"
    },
    {
      "kr": "벨리즈",
      "pt-BR": "Belize",
      "pt": "Belize",
      "nl": "Belize",
      "hr": "Belize",
      "fa": "بلیز",
      "de": "Belize",
      "es": "Belice",
      "fr": "Belize",
      "ja": "ベリーズ",
      "it": "Belize",
      "cn": "伯利兹",
      "tr": "Belize"
    },
    {
      "kr": "베냉",
      "pt-BR": "Benin",
      "pt": "Benim",
      "nl": "Benin",
      "hr": "Benin",
      "fa": "بنین",
      "de": "Benin",
      "es": "Benín",
      "fr": "Bénin",
      "ja": "ベナン",
      "it": "Benin",
      "cn": "贝宁",
      "tr": "Benin"
    },
    {
      "kr": "버뮤다",
      "pt-BR": "Bermudas",
      "pt": "Bermudas",
      "nl": "Bermuda",
      "hr": "Bermudi",
      "fa": "برمودا",
      "de": "Bermuda",
      "es": "Bermudas",
      "fr": "Bermudes",
      "ja": "バミューダ",
      "it": "Bermuda",
      "cn": "百慕大",
      "tr": "Bermuda"
    },
    {
      "kr": "부탄",
      "pt-BR": "Butão",
      "pt": "Butão",
      "nl": "Bhutan",
      "hr": "Butan",
      "fa": "بوتان",
      "de": "Bhutan",
      "es": "Bután",
      "fr": "Bhoutan",
      "ja": "ブータン",
      "it": "Bhutan",
      "cn": "不丹",
      "tr": "Butan"
    },
    {
      "kr": "볼리비아",
      "pt-BR": "Bolívia",
      "pt": "Bolívia",
      "nl": "Bolivia",
      "hr": "Bolivija",
      "fa": "بولیوی",
      "de": "Bolivien",
      "es": "Bolivia",
      "fr": "Bolivie",
      "ja": "ボリビア多民族国",
      "it": "Bolivia",
      "cn": "玻利维亚",
      "tr": "Bolivya"
    },
    {
      "kr": "보네르 섬",
      "pt-BR": "Bonaire",
      "pt": "Bonaire",
      "fa": "بونیر",
      "de": "Bonaire, Sint Eustatius und Saba",
      "fr": "Bonaire, Saint-Eustache et Saba",
      "it": "Bonaire, Saint-Eustache e Saba",
      "cn": "博内尔岛、圣尤斯特歇斯和萨巴岛",
      "tr": "Karayip Hollandasi"
    },
    {
      "kr": "보스니아 헤르체고비나",
      "pt-BR": "Bósnia e Herzegovina",
      "pt": "Bósnia e Herzegovina",
      "nl": "Bosnië en Herzegovina",
      "hr": "Bosna i Hercegovina",
      "fa": "بوسنی و هرزگوین",
      "de": "Bosnien und Herzegowina",
      "es": "Bosnia y Herzegovina",
      "fr": "Bosnie-Herzégovine",
      "ja": "ボスニア・ヘルツェゴビナ",
      "it": "Bosnia ed Erzegovina",
      "cn": "波斯尼亚和黑塞哥维那",
      "tr": "Bosna Hersek"
    },
    {
      "kr": "보츠와나",
      "pt-BR": "Botsuana",
      "pt": "Botsuana",
      "nl": "Botswana",
      "hr": "Bocvana",
      "fa": "بوتسوانا",
      "de": "Botswana",
      "es": "Botswana",
      "fr": "Botswana",
      "ja": "ボツワナ",
      "it": "Botswana",
      "cn": "博茨瓦纳",
      "tr": "Botsvana"
    },
    {
      "kr": "부벳 섬",
      "pt-BR": "Ilha Bouvet",
      "pt": "Ilha Bouvet",
      "nl": "Bouveteiland",
      "hr": "Otok Bouvet",
      "fa": "جزیره بووه",
      "de": "Bouvetinsel",
      "es": "Isla Bouvet",
      "fr": "Île Bouvet",
      "ja": "ブーベ島",
      "it": "Isola Bouvet",
      "cn": "布维岛",
      "tr": "Bouvet Adasi"
    },
    {
      "kr": "브라질",
      "pt-BR": "Brasil",
      "pt": "Brasil",
      "nl": "Brazilië",
      "hr": "Brazil",
      "fa": "برزیل",
      "de": "Brasilien",
      "es": "Brasil",
      "fr": "Brésil",
      "ja": "ブラジル",
      "it": "Brasile",
      "cn": "巴西",
      "tr": "Brezilya"
    },
    {
      "kr": "영국령 인도양 지역",
      "pt-BR": "Território Britânico do Oceano íÍdico",
      "pt": "Território Britânico do Oceano Índico",
      "nl": "Britse Gebieden in de Indische Oceaan",
      "hr": "Britanski Indijskooceanski teritorij",
      "fa": "قلمرو بریتانیا در اقیانوس هند",
      "de": "Britisches Territorium im Indischen Ozean",
      "es": "Territorio Británico del Océano Índico",
      "fr": "Territoire britannique de l'océan Indien",
      "ja": "イギリス領インド洋地域",
      "it": "Territorio britannico dell'oceano indiano",
      "cn": "英属印度洋领地",
      "tr": "Britanya Hint Okyanusu Topraklari"
    },
    {
      "kr": "브루나이",
      "pt-BR": "Brunei",
      "pt": "Brunei",
      "nl": "Brunei",
      "hr": "Brunej",
      "fa": "برونئی",
      "de": "Brunei",
      "es": "Brunei",
      "fr": "Brunei",
      "ja": "ブルネイ・ダルサラーム",
      "it": "Brunei",
      "cn": "文莱",
      "tr": "Brunei"
    },
    {
      "kr": "불가리아",
      "pt-BR": "Bulgária",
      "pt": "Bulgária",
      "nl": "Bulgarije",
      "hr": "Bugarska",
      "fa": "بلغارستان",
      "de": "Bulgarien",
      "es": "Bulgaria",
      "fr": "Bulgarie",
      "ja": "ブルガリア",
      "it": "Bulgaria",
      "cn": "保加利亚",
      "tr": "Bulgaristan"
    },
    {
      "kr": "부르키나 파소",
      "pt-BR": "Burkina Faso",
      "pt": "Burquina Faso",
      "nl": "Burkina Faso",
      "hr": "Burkina Faso",
      "fa": "بورکینافاسو",
      "de": "Burkina Faso",
      "es": "Burkina Faso",
      "fr": "Burkina Faso",
      "ja": "ブルキナファソ",
      "it": "Burkina Faso",
      "cn": "布基纳法索",
      "tr": "Burkina Faso"
    },
    {
      "kr": "부룬디",
      "pt-BR": "Burundi",
      "pt": "Burúndi",
      "nl": "Burundi",
      "hr": "Burundi",
      "fa": "بوروندی",
      "de": "Burundi",
      "es": "Burundi",
      "fr": "Burundi",
      "ja": "ブルンジ",
      "it": "Burundi",
      "cn": "布隆迪",
      "tr": "Burundi"
    },
    {
      "kr": "캄보디아",
      "pt-BR": "Camboja",
      "pt": "Camboja",
      "nl": "Cambodja",
      "hr": "Kambodža",
      "fa": "کامبوج",
      "de": "Kambodscha",
      "es": "Camboya",
      "fr": "Cambodge",
      "ja": "カンボジア",
      "it": "Cambogia",
      "cn": "柬埔寨",
      "tr": "Kamboçya"
    },
    {
      "kr": "카메룬",
      "pt-BR": "Camarões",
      "pt": "Camarões",
      "nl": "Kameroen",
      "hr": "Kamerun",
      "fa": "کامرون",
      "de": "Kamerun",
      "es": "Camerún",
      "fr": "Cameroun",
      "ja": "カメルーン",
      "it": "Camerun",
      "cn": "喀麦隆",
      "tr": "Kamerun"
    },
    {
      "kr": "캐나다",
      "pt-BR": "Canadá",
      "pt": "Canadá",
      "nl": "Canada",
      "hr": "Kanada",
      "fa": "کانادا",
      "de": "Kanada",
      "es": "Canadá",
      "fr": "Canada",
      "ja": "カナダ",
      "it": "Canada",
      "cn": "加拿大",
      "tr": "Kanada"
    },
    {
      "kr": "카보베르데",
      "pt-BR": "Cabo Verde",
      "pt": "Cabo Verde",
      "nl": "Kaapverdië",
      "hr": "Zelenortska Republika",
      "fa": "کیپ ورد",
      "de": "Kap Verde",
      "es": "Cabo Verde",
      "fr": "Cap Vert",
      "ja": "カーボベルデ",
      "it": "Capo Verde",
      "cn": "佛得角",
      "tr": "Cabo Verde"
    },
    {
      "kr": "케이먼 제도",
      "pt-BR": "Ilhas Cayman",
      "pt": "Ilhas Caimão",
      "nl": "Caymaneilanden",
      "hr": "Kajmanski otoci",
      "fa": "جزایر کیمن",
      "de": "Kaimaninseln",
      "es": "Islas Caimán",
      "fr": "Îles Caïmans",
      "ja": "ケイマン諸島",
      "it": "Isole Cayman",
      "cn": "开曼群岛",
      "tr": "Cayman Adalari"
    },
    {
      "kr": "중앙아프리카 공화국",
      "pt-BR": "República Centro-Africana",
      "pt": "República Centro-Africana",
      "nl": "Centraal-Afrikaanse Republiek",
      "hr": "Srednjoafrička Republika",
      "fa": "جمهوری آفریقای مرکزی",
      "de": "Zentralafrikanische Republik",
      "es": "República Centroafricana",
      "fr": "République centrafricaine",
      "ja": "中央アフリカ共和国",
      "it": "Repubblica Centrafricana",
      "cn": "中非",
      "tr": "Orta Afrika Cumhuriyeti"
    },
    {
      "kr": "차드",
      "pt-BR": "Chade",
      "pt": "Chade",
      "nl": "Tsjaad",
      "hr": "Čad",
      "fa": "چاد",
      "de": "Tschad",
      "es": "Chad",
      "fr": "Tchad",
      "ja": "チャド",
      "it": "Ciad",
      "cn": "乍得",
      "tr": "Çad"
    },
    {
      "kr": "칠리",
      "pt-BR": "Chile",
      "pt": "Chile",
      "nl": "Chili",
      "hr": "Čile",
      "fa": "شیلی",
      "de": "Chile",
      "es": "Chile",
      "fr": "Chili",
      "ja": "チリ",
      "it": "Cile",
      "cn": "智利",
      "tr": "Şili"
    },
    {
      "kr": "중국",
      "pt-BR": "China",
      "pt": "China",
      "nl": "China",
      "hr": "Kina",
      "fa": "چین",
      "de": "China",
      "es": "China",
      "fr": "Chine",
      "ja": "中国",
      "it": "Cina",
      "cn": "中国",
      "tr": "Çin"
    },
    {
      "kr": "크리스마스 섬",
      "pt-BR": "Ilha Christmas",
      "pt": "Ilha do Natal",
      "nl": "Christmaseiland",
      "hr": "Božićni otok",
      "fa": "جزیره کریسمس",
      "de": "Weihnachtsinsel",
      "es": "Isla de Navidad",
      "fr": "Île Christmas",
      "ja": "クリスマス島",
      "it": "Isola di Natale",
      "cn": "圣诞岛",
      "tr": "Christmas Adasi"
    },
    {
      "kr": "코코스 제도",
      "pt-BR": "Ilhas Cocos",
      "pt": "Ilhas dos Cocos",
      "nl": "Cocoseilanden",
      "hr": "Kokosovi Otoci",
      "fa": "جزایر کوکوس",
      "de": "Kokosinseln",
      "es": "Islas Cocos o Islas Keeling",
      "fr": "Îles Cocos",
      "ja": "ココス（キーリング）諸島",
      "it": "Isole Cocos e Keeling",
      "cn": "科科斯（基林）群岛",
      "tr": "Cocos Adalari"
    },
    {
      "kr": "콜롬비아",
      "pt-BR": "Colômbia",
      "pt": "Colômbia",
      "nl": "Colombia",
      "hr": "Kolumbija",
      "fa": "کلمبیا",
      "de": "Kolumbien",
      "es": "Colombia",
      "fr": "Colombie",
      "ja": "コロンビア",
      "it": "Colombia",
      "cn": "哥伦比亚",
      "tr": "Kolombiya"
    },
    {
      "kr": "코모로",
      "pt-BR": "Comores",
      "pt": "Comores",
      "nl": "Comoren",
      "hr": "Komori",
      "fa": "کومور",
      "de": "Union der Komoren",
      "es": "Comoras",
      "fr": "Comores",
      "ja": "コモロ",
      "it": "Comore",
      "cn": "科摩罗",
      "tr": "Komorlar"
    },
    {
      "kr": "콩고",
      "pt-BR": "Congo",
      "pt": "Congo",
      "nl": "Congo [Republiek]",
      "hr": "Kongo",
      "fa": "کنگو",
      "de": "Kongo",
      "es": "Congo",
      "fr": "Congo",
      "ja": "コンゴ共和国",
      "it": "Congo",
      "cn": "刚果",
      "tr": "Kongo"
    },
    {
      "kr": "쿡 제도",
      "pt-BR": "Ilhas Cook",
      "pt": "Ilhas Cook",
      "nl": "Cookeilanden",
      "hr": "Cookovo Otočje",
      "fa": "جزایر کوک",
      "de": "Cookinseln",
      "es": "Islas Cook",
      "fr": "Îles Cook",
      "ja": "クック諸島",
      "it": "Isole Cook",
      "cn": "库克群岛",
      "tr": "Cook Adalari"
    },
    {
      "kr": "코스타리카",
      "pt-BR": "Costa Rica",
      "pt": "Costa Rica",
      "nl": "Costa Rica",
      "hr": "Kostarika",
      "fa": "کاستاریکا",
      "de": "Costa Rica",
      "es": "Costa Rica",
      "fr": "Costa Rica",
      "ja": "コスタリカ",
      "it": "Costa Rica",
      "cn": "哥斯达黎加",
      "tr": "Kosta Rika"
    },
    {
      "kr": "코트디부아르",
      "pt-BR": "Costa do Marfim",
      "pt": "Costa do Marfim",
      "nl": "Ivoorkust",
      "hr": "Obala Bjelokosti",
      "fa": "ساحل عاج",
      "de": "Elfenbeinküste",
      "es": "Costa de Marfil",
      "fr": "Côte d'Ivoire",
      "ja": "コートジボワール",
      "it": "Costa D'Avorio",
      "cn": "科特迪瓦",
      "tr": "Kotdivuar"
    },
    {
      "kr": "크로아티아",
      "pt-BR": "Croácia",
      "pt": "Croácia",
      "nl": "Kroatië",
      "hr": "Hrvatska",
      "fa": "کرواسی",
      "de": "Kroatien",
      "es": "Croacia",
      "fr": "Croatie",
      "ja": "クロアチア",
      "it": "Croazia",
      "cn": "克罗地亚",
      "tr": "Hirvatistan"
    },
    {
      "kr": "쿠바",
      "pt-BR": "Cuba",
      "pt": "Cuba",
      "nl": "Cuba",
      "hr": "Kuba",
      "fa": "کوبا",
      "de": "Kuba",
      "es": "Cuba",
      "fr": "Cuba",
      "ja": "キューバ",
      "it": "Cuba",
      "cn": "古巴",
      "tr": "Küba"
    },
    {
      "kr": "퀴라소",
      "pt-BR": "Curaçao",
      "pt": "Curaçao",
      "nl": "Curaçao",
      "fa": "کوراسائو",
      "de": "Curaçao",
      "fr": "Curaçao",
      "it": "Curaçao",
      "cn": "库拉索",
      "tr": "Curaçao"
    },
    {
      "kr": "키프로스",
      "pt-BR": "Chipre",
      "pt": "Chipre",
      "nl": "Cyprus",
      "hr": "Cipar",
      "fa": "قبرس",
      "de": "Zypern",
      "es": "Chipre",
      "fr": "Chypre",
      "ja": "キプロス",
      "it": "Cipro",
      "cn": "塞浦路斯",
      "tr": "Kuzey Kıbrıs Türk Cumhuriyeti"
    },
    {
      "kr": "체코",
      "pt-BR": "República Tcheca",
      "pt": "República Checa",
      "nl": "Tsjechië",
      "hr": "Češka",
      "fa": "جمهوری چک",
      "de": "Tschechische Republik",
      "es": "República Checa",
      "fr": "République tchèque",
      "ja": "チェコ",
      "it": "Repubblica Ceca",
      "cn": "捷克",
      "tr": "Çekya"
    },
    {
      "kr": "콩고 민주 공화국",
      "pt-BR": "RD Congo",
      "pt": "RD Congo",
      "nl": "Congo [DRC]",
      "hr": "Kongo, Demokratska Republika",
      "fa": "جمهوری کنگو",
      "de": "Kongo (Dem. Rep.)",
      "es": "Congo (Rep. Dem.)",
      "fr": "Congo (Rép. dém.)",
      "ja": "コンゴ民主共和国",
      "it": "Congo (Rep. Dem.)",
      "cn": "刚果（金）",
      "tr": "Kongo Demokratik Cumhuriyeti"
    },
    {
      "kr": "덴마크",
      "pt-BR": "Dinamarca",
      "pt": "Dinamarca",
      "nl": "Denemarken",
      "hr": "Danska",
      "fa": "دانمارک",
      "de": "Dänemark",
      "es": "Dinamarca",
      "fr": "Danemark",
      "ja": "デンマーク",
      "it": "Danimarca",
      "cn": "丹麦",
      "tr": "Danimarka"
    },
    {
      "kr": "지부티",
      "pt-BR": "Djibuti",
      "pt": "Djibuti",
      "nl": "Djibouti",
      "hr": "Džibuti",
      "fa": "جیبوتی",
      "de": "Dschibuti",
      "es": "Yibuti",
      "fr": "Djibouti",
      "ja": "ジブチ",
      "it": "Gibuti",
      "cn": "吉布提",
      "tr": "Cibuti"
    },
    {
      "kr": "도미니카 연방",
      "pt-BR": "Dominica",
      "pt": "Dominica",
      "nl": "Dominica",
      "hr": "Dominika",
      "fa": "دومینیکا",
      "de": "Dominica",
      "es": "Dominica",
      "fr": "Dominique",
      "ja": "ドミニカ国",
      "it": "Dominica",
      "cn": "多米尼加",
      "tr": "Dominika"
    },
    {
      "kr": "도미니카 공화국",
      "pt-BR": "República Dominicana",
      "pt": "República Dominicana",
      "nl": "Dominicaanse Republiek",
      "hr": "Dominikanska Republika",
      "fa": "جمهوری دومینیکن",
      "de": "Dominikanische Republik",
      "es": "República Dominicana",
      "fr": "République dominicaine",
      "ja": "ドミニカ共和国",
      "it": "Repubblica Dominicana",
      "cn": "多明尼加共和国",
      "tr": "Dominik Cumhuriyeti"
    },
    {
      "kr": "동티모르",
      "pt-BR": "Timor Leste",
      "pt": "Timor Leste",
      "nl": "Oost-Timor",
      "hr": "Istočni Timor",
      "fa": "تیمور شرقی",
      "de": "Timor-Leste",
      "es": "Timor Oriental",
      "fr": "Timor oriental",
      "ja": "東ティモール",
      "it": "Timor Est",
      "cn": "东帝汶",
      "tr": "Doğu Timor"
    },
    {
      "kr": "에콰도르",
      "pt-BR": "Equador",
      "pt": "Equador",
      "nl": "Ecuador",
      "hr": "Ekvador",
      "fa": "اکوادور",
      "de": "Ecuador",
      "es": "Ecuador",
      "fr": "Équateur",
      "ja": "エクアドル",
      "it": "Ecuador",
      "cn": "厄瓜多尔",
      "tr": "Ekvator"
    },
    {
      "kr": "이집트",
      "pt-BR": "Egito",
      "pt": "Egipto",
      "nl": "Egypte",
      "hr": "Egipat",
      "fa": "مصر",
      "de": "Ägypten",
      "es": "Egipto",
      "fr": "Égypte",
      "ja": "エジプト",
      "it": "Egitto",
      "cn": "埃及",
      "tr": "Mısır"
    },
    {
      "kr": "엘살바도르",
      "pt-BR": "El Salvador",
      "pt": "El Salvador",
      "nl": "El Salvador",
      "hr": "Salvador",
      "fa": "السالوادور",
      "de": "El Salvador",
      "es": "El Salvador",
      "fr": "Salvador",
      "ja": "エルサルバドル",
      "it": "El Salvador",
      "cn": "萨尔瓦多",
      "tr": "El Salvador"
    },
    {
      "kr": "적도 기니",
      "pt-BR": "Guiné Equatorial",
      "pt": "Guiné Equatorial",
      "nl": "Equatoriaal-Guinea",
      "hr": "Ekvatorijalna Gvineja",
      "fa": "گینه استوایی",
      "de": "Äquatorial-Guinea",
      "es": "Guinea Ecuatorial",
      "fr": "Guinée-Équatoriale",
      "ja": "赤道ギニア",
      "it": "Guinea Equatoriale",
      "cn": "赤道几内亚",
      "tr": "Ekvator Ginesi"
    },
    {
      "kr": "에리트레아",
      "pt-BR": "Eritreia",
      "pt": "Eritreia",
      "nl": "Eritrea",
      "hr": "Eritreja",
      "fa": "اریتره",
      "de": "Eritrea",
      "es": "Eritrea",
      "fr": "Érythrée",
      "ja": "エリトリア",
      "it": "Eritrea",
      "cn": "厄立特里亚",
      "tr": "Eritre"
    },
    {
      "kr": "에스토니아",
      "pt-BR": "Estônia",
      "pt": "Estónia",
      "nl": "Estland",
      "hr": "Estonija",
      "fa": "استونی",
      "de": "Estland",
      "es": "Estonia",
      "fr": "Estonie",
      "ja": "エストニア",
      "it": "Estonia",
      "cn": "爱沙尼亚",
      "tr": "Estonya"
    },
    {
      "kr": "에티오피아",
      "pt-BR": "Etiópia",
      "pt": "Etiópia",
      "nl": "Ethiopië",
      "hr": "Etiopija",
      "fa": "اتیوپی",
      "de": "Äthiopien",
      "es": "Etiopía",
      "fr": "Éthiopie",
      "ja": "エチオピア",
      "it": "Etiopia",
      "cn": "埃塞俄比亚",
      "tr": "Etiyopya"
    },
    {
      "kr": "포클랜드 제도",
      "pt-BR": "Ilhas Malvinas",
      "pt": "Ilhas Falkland",
      "nl": "Falklandeilanden [Islas Malvinas]",
      "hr": "Falklandski Otoci",
      "fa": "جزایر فالکلند",
      "de": "Falklandinseln",
      "es": "Islas Malvinas",
      "fr": "Îles Malouines",
      "ja": "フォークランド（マルビナス）諸島",
      "it": "Isole Falkland o Isole Malvine",
      "cn": "福克兰群岛",
      "tr": "Falkland Adalari"
    },
    {
      "kr": "페로 제도",
      "pt-BR": "Ilhas Faroé",
      "pt": "Ilhas Faroé",
      "nl": "Faeröer",
      "hr": "Farski Otoci",
      "fa": "جزایر فارو",
      "de": "Färöer-Inseln",
      "es": "Islas Faroe",
      "fr": "Îles Féroé",
      "ja": "フェロー諸島",
      "it": "Isole Far Oer",
      "cn": "法罗群岛",
      "tr": "Faroe Adalari"
    },
    {
      "kr": "피지",
      "pt-BR": "Fiji",
      "pt": "Fiji",
      "nl": "Fiji",
      "hr": "Fiđi",
      "fa": "فیجی",
      "de": "Fidschi",
      "es": "Fiyi",
      "fr": "Fidji",
      "ja": "フィジー",
      "it": "Figi",
      "cn": "斐济",
      "tr": "Fiji"
    },
    {
      "kr": "핀란드",
      "pt-BR": "Finlândia",
      "pt": "Finlândia",
      "nl": "Finland",
      "hr": "Finska",
      "fa": "فنلاند",
      "de": "Finnland",
      "es": "Finlandia",
      "fr": "Finlande",
      "ja": "フィンランド",
      "it": "Finlandia",
      "cn": "芬兰",
      "tr": "Finlandiya"
    },
    {
      "kr": "프랑스",
      "pt-BR": "França",
      "pt": "França",
      "nl": "Frankrijk",
      "hr": "Francuska",
      "fa": "فرانسه",
      "de": "Frankreich",
      "es": "Francia",
      "fr": "France",
      "ja": "フランス",
      "it": "Francia",
      "cn": "法国",
      "tr": "Fransa"
    },
    {
      "kr": "프랑스령 기아나",
      "pt-BR": "Guiana Francesa",
      "pt": "Guiana Francesa",
      "nl": "Frans-Guyana",
      "hr": "Francuska Gvajana",
      "fa": "گویان فرانسه",
      "de": "Französisch Guyana",
      "es": "Guayana Francesa",
      "fr": "Guayane",
      "ja": "フランス領ギアナ",
      "it": "Guyana francese",
      "cn": "法属圭亚那",
      "tr": "Fransiz Guyanasi"
    },
    {
      "kr": "프랑스령 폴리네시아",
      "pt-BR": "Polinésia Francesa",
      "pt": "Polinésia Francesa",
      "nl": "Frans-Polynesië",
      "hr": "Francuska Polinezija",
      "fa": "پلی‌نزی فرانسه",
      "de": "Französisch-Polynesien",
      "es": "Polinesia Francesa",
      "fr": "Polynésie française",
      "ja": "フランス領ポリネシア",
      "it": "Polinesia Francese",
      "cn": "法属波利尼西亚",
      "tr": "Fransiz Polinezyasi"
    },
    {
      "kr": "프랑스령 남방 및 남극",
      "pt-BR": "Terras Austrais e Antárticas Francesas",
      "pt": "Terras Austrais e Antárticas Francesas",
      "nl": "Franse Gebieden in de zuidelijke Indische Oceaan",
      "hr": "Francuski južni i antarktički teritoriji",
      "fa": "سرزمین‌های جنوبی و جنوبگانی فرانسه",
      "de": "Französische Süd- und Antarktisgebiete",
      "es": "Tierras Australes y Antárticas Francesas",
      "fr": "Terres australes et antarctiques françaises",
      "ja": "フランス領南方・南極地域",
      "it": "Territori Francesi del Sud",
      "cn": "法属南部领地",
      "tr": "Fransiz Güney Topraklari"
    },
    {
      "kr": "가봉",
      "pt-BR": "Gabão",
      "pt": "Gabão",
      "nl": "Gabon",
      "hr": "Gabon",
      "fa": "گابن",
      "de": "Gabun",
      "es": "Gabón",
      "fr": "Gabon",
      "ja": "ガボン",
      "it": "Gabon",
      "cn": "加蓬",
      "tr": "Gabon"
    },
    {
      "kr": "감비아",
      "pt-BR": "Gâmbia",
      "pt": "Gâmbia",
      "nl": "Gambia",
      "hr": "Gambija",
      "fa": "گامبیا",
      "de": "Gambia",
      "es": "Gambia",
      "fr": "Gambie",
      "ja": "ガンビア",
      "it": "Gambia",
      "cn": "冈比亚",
      "tr": "Gambiya"
    },
    {
      "kr": "조지아",
      "pt-BR": "Geórgia",
      "pt": "Geórgia",
      "nl": "Georgië",
      "hr": "Gruzija",
      "fa": "گرجستان",
      "de": "Georgien",
      "es": "Georgia",
      "fr": "Géorgie",
      "ja": "グルジア",
      "it": "Georgia",
      "cn": "格鲁吉亚",
      "tr": "Gürcistan"
    },
    {
      "kr": "독일",
      "pt-BR": "Alemanha",
      "pt": "Alemanha",
      "nl": "Duitsland",
      "hr": "Njemačka",
      "fa": "آلمان",
      "de": "Deutschland",
      "es": "Alemania",
      "fr": "Allemagne",
      "ja": "ドイツ",
      "it": "Germania",
      "cn": "德国",
      "tr": "Almanya"
    },
    {
      "kr": "가나",
      "pt-BR": "Gana",
      "pt": "Gana",
      "nl": "Ghana",
      "hr": "Gana",
      "fa": "غنا",
      "de": "Ghana",
      "es": "Ghana",
      "fr": "Ghana",
      "ja": "ガーナ",
      "it": "Ghana",
      "cn": "加纳",
      "tr": "Gana"
    },
    {
      "kr": "지브롤터",
      "pt-BR": "Gibraltar",
      "pt": "Gibraltar",
      "nl": "Gibraltar",
      "hr": "Gibraltar",
      "fa": "جبل‌طارق",
      "de": "Gibraltar",
      "es": "Gibraltar",
      "fr": "Gibraltar",
      "ja": "ジブラルタル",
      "it": "Gibilterra",
      "cn": "直布罗陀",
      "tr": "Cebelitarik"
    },
    {
      "kr": "그리스",
      "pt-BR": "Grécia",
      "pt": "Grécia",
      "nl": "Griekenland",
      "hr": "Grčka",
      "fa": "یونان",
      "de": "Griechenland",
      "es": "Grecia",
      "fr": "Grèce",
      "ja": "ギリシャ",
      "it": "Grecia",
      "cn": "希腊",
      "tr": "Yunanistan"
    },
    {
      "kr": "그린란드",
      "pt-BR": "Groelândia",
      "pt": "Gronelândia",
      "nl": "Groenland",
      "hr": "Grenland",
      "fa": "گرینلند",
      "de": "Grönland",
      "es": "Groenlandia",
      "fr": "Groenland",
      "ja": "グリーンランド",
      "it": "Groenlandia",
      "cn": "格陵兰岛",
      "tr": "Grönland"
    },
    {
      "kr": "그레나다",
      "pt-BR": "Granada",
      "pt": "Granada",
      "nl": "Grenada",
      "hr": "Grenada",
      "fa": "گرنادا",
      "de": "Grenada",
      "es": "Grenada",
      "fr": "Grenade",
      "ja": "グレナダ",
      "it": "Grenada",
      "cn": "格林纳达",
      "tr": "Grenada"
    },
    {
      "kr": "과들루프",
      "pt-BR": "Guadalupe",
      "pt": "Guadalupe",
      "nl": "Guadeloupe",
      "hr": "Gvadalupa",
      "fa": "جزیره گوادلوپ",
      "de": "Guadeloupe",
      "es": "Guadalupe",
      "fr": "Guadeloupe",
      "ja": "グアドループ",
      "it": "Guadeloupa",
      "cn": "瓜德罗普岛",
      "tr": "Guadeloupe"
    },
    {
      "kr": "괌",
      "pt-BR": "Guam",
      "pt": "Guame",
      "nl": "Guam",
      "hr": "Guam",
      "fa": "گوام",
      "de": "Guam",
      "es": "Guam",
      "fr": "Guam",
      "ja": "グアム",
      "it": "Guam",
      "cn": "关岛",
      "tr": "Guam"
    },
    {
      "kr": "과테말라",
      "pt-BR": "Guatemala",
      "pt": "Guatemala",
      "nl": "Guatemala",
      "hr": "Gvatemala",
      "fa": "گواتمالا",
      "de": "Guatemala",
      "es": "Guatemala",
      "fr": "Guatemala",
      "ja": "グアテマラ",
      "it": "Guatemala",
      "cn": "危地马拉",
      "tr": "Guatemala"
    },
    {
      "kr": "건지, 올더니",
      "pt-BR": "Guernsey",
      "pt": "Guernsey",
      "nl": "Guernsey",
      "hr": "Guernsey",
      "fa": "گرنزی",
      "de": "Guernsey",
      "es": "Guernsey",
      "fr": "Guernesey",
      "ja": "ガーンジー",
      "it": "Guernsey",
      "cn": "根西岛",
      "tr": "Alderney"
    },
    {
      "kr": "기니",
      "pt-BR": "Guiné",
      "pt": "Guiné",
      "nl": "Guinee",
      "hr": "Gvineja",
      "fa": "گینه",
      "de": "Guinea",
      "es": "Guinea",
      "fr": "Guinée",
      "ja": "ギニア",
      "it": "Guinea",
      "cn": "几内亚",
      "tr": "Gine"
    },
    {
      "kr": "기니비사우",
      "pt-BR": "Guiné-Bissau",
      "pt": "Guiné-Bissau",
      "nl": "Guinee-Bissau",
      "hr": "Gvineja Bisau",
      "fa": "گینه بیسائو",
      "de": "Guinea-Bissau",
      "es": "Guinea-Bisáu",
      "fr": "Guinée-Bissau",
      "ja": "ギニアビサウ",
      "it": "Guinea-Bissau",
      "cn": "几内亚比绍",
      "tr": "Gine-bissau"
    },
    {
      "kr": "가이아나",
      "pt-BR": "Guiana",
      "pt": "Guiana",
      "nl": "Guyana",
      "hr": "Gvajana",
      "fa": "گویان",
      "de": "Guyana",
      "es": "Guyana",
      "fr": "Guyane",
      "ja": "ガイアナ",
      "it": "Guyana",
      "cn": "圭亚那",
      "tr": "Guyana"
    },
    {
      "kr": "아이티",
      "pt-BR": "Haiti",
      "pt": "Haiti",
      "nl": "Haïti",
      "hr": "Haiti",
      "fa": "هائیتی",
      "de": "Haiti",
      "es": "Haiti",
      "fr": "Haïti",
      "ja": "ハイチ",
      "it": "Haiti",
      "cn": "海地",
      "tr": "Haiti"
    },
    {
      "kr": "허드 맥도날드 제도",
      "pt-BR": "Ilha Heard e Ilhas McDonald",
      "pt": "Ilha Heard e Ilhas McDonald",
      "nl": "Heard- en McDonaldeilanden",
      "hr": "Otok Heard i otočje McDonald",
      "fa": "جزیره هرد و جزایر مک‌دونالد",
      "de": "Heard und die McDonaldinseln",
      "es": "Islas Heard y McDonald",
      "fr": "Îles Heard-et-MacDonald",
      "ja": "ハード島とマクドナルド諸島",
      "it": "Isole Heard e McDonald",
      "cn": "赫德·唐纳岛及麦唐纳岛",
      "tr": "Heard Adasi Ve Mcdonald Adalari"
    },
    {
      "kr": "온두라스",
      "pt-BR": "Honduras",
      "pt": "Honduras",
      "nl": "Honduras",
      "hr": "Honduras",
      "fa": "هندوراس",
      "de": "Honduras",
      "es": "Honduras",
      "fr": "Honduras",
      "ja": "ホンジュラス",
      "it": "Honduras",
      "cn": "洪都拉斯",
      "tr": "Honduras"
    },
    {
      "kr": "홍콩",
      "pt-BR": "Hong Kong",
      "pt": "Hong Kong",
      "nl": "Hongkong",
      "hr": "Hong Kong",
      "fa": "هنگ‌کنگ",
      "de": "Hong Kong",
      "es": "Hong Kong",
      "fr": "Hong Kong",
      "ja": "香港",
      "it": "Hong Kong",
      "cn": "中国香港",
      "tr": "Hong Kong"
    },
    {
      "kr": "헝가리",
      "pt-BR": "Hungria",
      "pt": "Hungria",
      "nl": "Hongarije",
      "hr": "Mađarska",
      "fa": "مجارستان",
      "de": "Ungarn",
      "es": "Hungría",
      "fr": "Hongrie",
      "ja": "ハンガリー",
      "it": "Ungheria",
      "cn": "匈牙利",
      "tr": "Macaristan"
    },
    {
      "kr": "아이슬란드",
      "pt-BR": "Islândia",
      "pt": "Islândia",
      "nl": "IJsland",
      "hr": "Island",
      "fa": "ایسلند",
      "de": "Island",
      "es": "Islandia",
      "fr": "Islande",
      "ja": "アイスランド",
      "it": "Islanda",
      "cn": "冰岛",
      "tr": "İzlanda"
    },
    {
      "kr": "인도",
      "pt-BR": "Índia",
      "pt": "Índia",
      "nl": "India",
      "hr": "Indija",
      "fa": "هند",
      "de": "Indien",
      "es": "India",
      "fr": "Inde",
      "ja": "インド",
      "it": "India",
      "cn": "印度",
      "tr": "Hindistan"
    },
    {
      "kr": "인도네시아",
      "pt-BR": "Indonésia",
      "pt": "Indonésia",
      "nl": "Indonesië",
      "hr": "Indonezija",
      "fa": "اندونزی",
      "de": "Indonesien",
      "es": "Indonesia",
      "fr": "Indonésie",
      "ja": "インドネシア",
      "it": "Indonesia",
      "cn": "印度尼西亚",
      "tr": "Endonezya"
    },
    {
      "kr": "이란",
      "pt-BR": "Irã",
      "pt": "Irão",
      "nl": "Iran",
      "hr": "Iran",
      "fa": "ایران",
      "de": "Iran",
      "es": "Iran",
      "fr": "Iran",
      "ja": "イラン・イスラム共和国",
      "cn": "伊朗",
      "tr": "İran"
    },
    {
      "kr": "이라크",
      "pt-BR": "Iraque",
      "pt": "Iraque",
      "nl": "Irak",
      "hr": "Irak",
      "fa": "عراق",
      "de": "Irak",
      "es": "Irak",
      "fr": "Irak",
      "ja": "イラク",
      "it": "Iraq",
      "cn": "伊拉克",
      "tr": "Irak"
    },
    {
      "kr": "아일랜드",
      "pt-BR": "Irlanda",
      "pt": "Irlanda",
      "nl": "Ierland",
      "hr": "Irska",
      "fa": "ایرلند",
      "de": "Irland",
      "es": "Irlanda",
      "fr": "Irlande",
      "ja": "アイルランド",
      "it": "Irlanda",
      "cn": "爱尔兰",
      "tr": "İrlanda"
    },
    {
      "kr": "이스라엘",
      "pt-BR": "Israel",
      "pt": "Israel",
      "nl": "Israël",
      "hr": "Izrael",
      "fa": "اسرائیل",
      "de": "Israel",
      "es": "Israel",
      "fr": "Israël",
      "ja": "イスラエル",
      "it": "Israele",
      "cn": "以色列",
      "tr": "İsrail"
    },
    {
      "kr": "이탈리아",
      "pt-BR": "Itália",
      "pt": "Itália",
      "nl": "Italië",
      "hr": "Italija",
      "fa": "ایتالیا",
      "de": "Italien",
      "es": "Italia",
      "fr": "Italie",
      "ja": "イタリア",
      "it": "Italia",
      "cn": "意大利",
      "tr": "İtalya"
    },
    {
      "kr": "자메이카",
      "pt-BR": "Jamaica",
      "pt": "Jamaica",
      "nl": "Jamaica",
      "hr": "Jamajka",
      "fa": "جامائیکا",
      "de": "Jamaika",
      "es": "Jamaica",
      "fr": "Jamaïque",
      "ja": "ジャマイカ",
      "it": "Giamaica",
      "cn": "牙买加",
      "tr": "Jamaika"
    },
    {
      "kr": "일본",
      "pt-BR": "Japão",
      "pt": "Japão",
      "nl": "Japan",
      "hr": "Japan",
      "fa": "ژاپن",
      "de": "Japan",
      "es": "Japón",
      "fr": "Japon",
      "ja": "日本",
      "it": "Giappone",
      "cn": "日本",
      "tr": "Japonya"
    },
    {
      "kr": "저지 섬",
      "pt-BR": "Jersey",
      "pt": "Jersey",
      "nl": "Jersey",
      "hr": "Jersey",
      "fa": "جرزی",
      "de": "Jersey",
      "es": "Jersey",
      "fr": "Jersey",
      "ja": "ジャージー",
      "it": "Isola di Jersey",
      "cn": "泽西岛",
      "tr": "Jersey"
    },
    {
      "kr": "요르단",
      "pt-BR": "Jordânia",
      "pt": "Jordânia",
      "nl": "Jordanië",
      "hr": "Jordan",
      "fa": "اردن",
      "de": "Jordanien",
      "es": "Jordania",
      "fr": "Jordanie",
      "ja": "ヨルダン",
      "it": "Giordania",
      "cn": "约旦",
      "tr": "Ürdün"
    },
    {
      "kr": "카자흐스탄",
      "pt-BR": "Cazaquistão",
      "pt": "Cazaquistão",
      "nl": "Kazachstan",
      "hr": "Kazahstan",
      "fa": "قزاقستان",
      "de": "Kasachstan",
      "es": "Kazajistán",
      "fr": "Kazakhstan",
      "ja": "カザフスタン",
      "it": "Kazakistan",
      "cn": "哈萨克斯坦",
      "tr": "Kazakistan"
    },
    {
      "kr": "케냐",
      "pt-BR": "Quênia",
      "pt": "Quénia",
      "nl": "Kenia",
      "hr": "Kenija",
      "fa": "کنیا",
      "de": "Kenia",
      "es": "Kenia",
      "fr": "Kenya",
      "ja": "ケニア",
      "it": "Kenya",
      "cn": "肯尼亚",
      "tr": "Kenya"
    },
    {
      "kr": "키리바시",
      "pt-BR": "Kiribati",
      "pt": "Quiribáti",
      "nl": "Kiribati",
      "hr": "Kiribati",
      "fa": "کیریباتی",
      "de": "Kiribati",
      "es": "Kiribati",
      "fr": "Kiribati",
      "ja": "キリバス",
      "it": "Kiribati",
      "cn": "基里巴斯",
      "tr": "Kiribati"
    },
    {
      "kr": "코소보",
      "cn": "科索沃",
      "tr": "Kosova"
    },
    {
      "kr": "쿠웨이트",
      "pt-BR": "Kuwait",
      "pt": "Kuwait",
      "nl": "Koeweit",
      "hr": "Kuvajt",
      "fa": "کویت",
      "de": "Kuwait",
      "es": "Kuwait",
      "fr": "Koweït",
      "ja": "クウェート",
      "it": "Kuwait",
      "cn": "科威特",
      "tr": "Kuveyt"
    },
    {
      "kr": "키르기스스탄",
      "pt-BR": "Quirguistão",
      "pt": "Quirguizistão",
      "nl": "Kirgizië",
      "hr": "Kirgistan",
      "fa": "قرقیزستان",
      "de": "Kirgisistan",
      "es": "Kirguizistán",
      "fr": "Kirghizistan",
      "ja": "キルギス",
      "it": "Kirghizistan",
      "cn": "吉尔吉斯斯坦",
      "tr": "Kirgizistan"
    },
    {
      "kr": "라오스",
      "pt-BR": "Laos",
      "pt": "Laos",
      "nl": "Laos",
      "hr": "Laos",
      "fa": "لائوس",
      "de": "Laos",
      "es": "Laos",
      "fr": "Laos",
      "ja": "ラオス人民民主共和国",
      "it": "Laos",
      "cn": "寮人民民主共和国",
      "tr": "Laos"
    },
    {
      "kr": "라트비아",
      "pt-BR": "Letônia",
      "pt": "Letónia",
      "nl": "Letland",
      "hr": "Latvija",
      "fa": "لتونی",
      "de": "Lettland",
      "es": "Letonia",
      "fr": "Lettonie",
      "ja": "ラトビア",
      "it": "Lettonia",
      "cn": "拉脱维亚",
      "tr": "Letonya"
    },
    {
      "kr": "레바논",
      "pt-BR": "Líbano",
      "pt": "Líbano",
      "nl": "Libanon",
      "hr": "Libanon",
      "fa": "لبنان",
      "de": "Libanon",
      "es": "Líbano",
      "fr": "Liban",
      "ja": "レバノン",
      "it": "Libano",
      "cn": "黎巴嫩",
      "tr": "Lübnan"
    },
    {
      "kr": "레소토",
      "pt-BR": "Lesoto",
      "pt": "Lesoto",
      "nl": "Lesotho",
      "hr": "Lesoto",
      "fa": "لسوتو",
      "de": "Lesotho",
      "es": "Lesotho",
      "fr": "Lesotho",
      "ja": "レソト",
      "it": "Lesotho",
      "cn": "莱索托",
      "tr": "Lesotho"
    },
    {
      "kr": "라이베리아",
      "pt-BR": "Libéria",
      "pt": "Libéria",
      "nl": "Liberia",
      "hr": "Liberija",
      "fa": "لیبریا",
      "de": "Liberia",
      "es": "Liberia",
      "fr": "Liberia",
      "ja": "リベリア",
      "it": "Liberia",
      "cn": "利比里亚",
      "tr": "Liberya"
    },
    {
      "kr": "리비아",
      "pt-BR": "Líbia",
      "pt": "Líbia",
      "nl": "Libië",
      "hr": "Libija",
      "fa": "لیبی",
      "de": "Libyen",
      "es": "Libia",
      "fr": "Libye",
      "ja": "リビア",
      "it": "Libia",
      "cn": "利比亚",
      "tr": "Libya"
    },
    {
      "kr": "리히텐슈타인",
      "pt-BR": "Liechtenstein",
      "pt": "Listenstaine",
      "nl": "Liechtenstein",
      "hr": "Lihtenštajn",
      "fa": "لیختن‌اشتاین",
      "de": "Liechtenstein",
      "es": "Liechtenstein",
      "fr": "Liechtenstein",
      "ja": "リヒテンシュタイン",
      "it": "Liechtenstein",
      "cn": "列支敦士登",
      "tr": "Lihtenştayn"
    },
    {
      "kr": "리투아니아",
      "pt-BR": "Lituânia",
      "pt": "Lituânia",
      "nl": "Litouwen",
      "hr": "Litva",
      "fa": "لیتوانی",
      "de": "Litauen",
      "es": "Lituania",
      "fr": "Lituanie",
      "ja": "リトアニア",
      "it": "Lituania",
      "cn": "立陶宛",
      "tr": "Litvanya"
    },
    {
      "kr": "룩셈부르크",
      "pt-BR": "Luxemburgo",
      "pt": "Luxemburgo",
      "nl": "Luxemburg",
      "hr": "Luksemburg",
      "fa": "لوکزامبورگ",
      "de": "Luxemburg",
      "es": "Luxemburgo",
      "fr": "Luxembourg",
      "ja": "ルクセンブルク",
      "it": "Lussemburgo",
      "cn": "卢森堡",
      "tr": "Lüksemburg"
    },
    {
      "kr": "마카오",
      "pt-BR": "Macau",
      "pt": "Macau",
      "nl": "Macao",
      "hr": "Makao",
      "fa": "مکائو",
      "de": "Macao",
      "es": "Macao",
      "fr": "Macao",
      "ja": "マカオ",
      "it": "Macao",
      "cn": "中国澳门",
      "tr": "Makao"
    },
    {
      "kr": "마다가스카르",
      "pt-BR": "Madagascar",
      "pt": "Madagáscar",
      "nl": "Madagaskar",
      "hr": "Madagaskar",
      "fa": "ماداگاسکار",
      "de": "Madagaskar",
      "es": "Madagascar",
      "fr": "Madagascar",
      "ja": "マダガスカル",
      "it": "Madagascar",
      "cn": "马达加斯加",
      "tr": "Madagaskar"
    },
    {
      "kr": "말라위",
      "pt-BR": "Malawi",
      "pt": "Malávi",
      "nl": "Malawi",
      "hr": "Malavi",
      "fa": "مالاوی",
      "de": "Malawi",
      "es": "Malawi",
      "fr": "Malawi",
      "ja": "マラウイ",
      "it": "Malawi",
      "cn": "马拉维",
      "tr": "Malavi"
    },
    {
      "kr": "말레이시아",
      "pt-BR": "Malásia",
      "pt": "Malásia",
      "nl": "Maleisië",
      "hr": "Malezija",
      "fa": "مالزی",
      "de": "Malaysia",
      "es": "Malasia",
      "fr": "Malaisie",
      "ja": "マレーシア",
      "it": "Malesia",
      "cn": "马来西亚",
      "tr": "Malezya"
    },
    {
      "kr": "몰디브",
      "pt-BR": "Maldivas",
      "pt": "Maldivas",
      "nl": "Maldiven",
      "hr": "Maldivi",
      "fa": "مالدیو",
      "de": "Malediven",
      "es": "Maldivas",
      "fr": "Maldives",
      "ja": "モルディブ",
      "it": "Maldive",
      "cn": "马尔代夫",
      "tr": "Maldivler"
    },
    {
      "kr": "말리",
      "pt-BR": "Mali",
      "pt": "Mali",
      "nl": "Mali",
      "hr": "Mali",
      "fa": "مالی",
      "de": "Mali",
      "es": "Mali",
      "fr": "Mali",
      "ja": "マリ",
      "it": "Mali",
      "cn": "马里",
      "tr": "Mali"
    },
    {
      "kr": "몰타",
      "pt-BR": "Malta",
      "pt": "Malta",
      "nl": "Malta",
      "hr": "Malta",
      "fa": "مالت",
      "de": "Malta",
      "es": "Malta",
      "fr": "Malte",
      "ja": "マルタ",
      "it": "Malta",
      "cn": "马耳他",
      "tr": "Malta"
    },
    {
      "kr": "맨 섬",
      "pt-BR": "Ilha de Man",
      "pt": "Ilha de Man",
      "nl": "Isle of Man",
      "hr": "Otok Man",
      "fa": "جزیره من",
      "de": "Insel Man",
      "es": "Isla de Man",
      "fr": "Île de Man",
      "ja": "マン島",
      "it": "Isola di Man",
      "cn": "马恩岛",
      "tr": "Man Adasi"
    },
    {
      "kr": "마셜 제도",
      "pt-BR": "Ilhas Marshall",
      "pt": "Ilhas Marshall",
      "nl": "Marshalleilanden",
      "hr": "Maršalovi Otoci",
      "fa": "جزایر مارشال",
      "de": "Marshallinseln",
      "es": "Islas Marshall",
      "fr": "Îles Marshall",
      "ja": "マーシャル諸島",
      "it": "Isole Marshall",
      "cn": "马绍尔群岛",
      "tr": "Marşal Adalari"
    },
    {
      "kr": "마르티니크",
      "pt-BR": "Martinica",
      "pt": "Martinica",
      "nl": "Martinique",
      "hr": "Martinique",
      "fa": "مونتسرات",
      "de": "Martinique",
      "es": "Martinica",
      "fr": "Martinique",
      "ja": "マルティニーク",
      "it": "Martinica",
      "cn": "马提尼克岛",
      "tr": "Martinik"
    },
    {
      "kr": "모리타니",
      "pt-BR": "Mauritânia",
      "pt": "Mauritânia",
      "nl": "Mauritanië",
      "hr": "Mauritanija",
      "fa": "موریتانی",
      "de": "Mauretanien",
      "es": "Mauritania",
      "fr": "Mauritanie",
      "ja": "モーリタニア",
      "it": "Mauritania",
      "cn": "毛里塔尼亚",
      "tr": "Moritanya"
    },
    {
      "kr": "모리셔스",
      "pt-BR": "Maurício",
      "pt": "Maurícia",
      "nl": "Mauritius",
      "hr": "Mauricijus",
      "fa": "موریس",
      "de": "Mauritius",
      "es": "Mauricio",
      "fr": "Île Maurice",
      "ja": "モーリシャス",
      "it": "Mauritius",
      "cn": "毛里求斯",
      "tr": "Morityus"
    },
    {
      "kr": "마요트",
      "pt-BR": "Mayotte",
      "pt": "Mayotte",
      "nl": "Mayotte",
      "hr": "Mayotte",
      "fa": "مایوت",
      "de": "Mayotte",
      "es": "Mayotte",
      "fr": "Mayotte",
      "ja": "マヨット",
      "it": "Mayotte",
      "cn": "马约特",
      "tr": "Mayotte"
    },
    {
      "kr": "멕시코",
      "pt-BR": "México",
      "pt": "México",
      "nl": "Mexico",
      "hr": "Meksiko",
      "fa": "مکزیک",
      "de": "Mexiko",
      "es": "México",
      "fr": "Mexique",
      "ja": "メキシコ",
      "it": "Messico",
      "cn": "墨西哥",
      "tr": "Meksika"
    },
    {
      "kr": "미크로네시아 연방",
      "pt-BR": "Micronésia",
      "pt": "Micronésia",
      "nl": "Micronesië",
      "hr": "Mikronezija",
      "fa": "ایالات فدرال میکرونزی",
      "de": "Mikronesien",
      "es": "Micronesia",
      "fr": "Micronésie",
      "ja": "ミクロネシア連邦",
      "it": "Micronesia",
      "cn": "密克罗尼西亚",
      "tr": "Mikronezya"
    },
    {
      "kr": "몰도바",
      "pt-BR": "Moldávia",
      "pt": "Moldávia",
      "nl": "Moldavië",
      "hr": "Moldova",
      "fa": "مولداوی",
      "de": "Moldawie",
      "es": "Moldavia",
      "fr": "Moldavie",
      "ja": "モルドバ共和国",
      "it": "Moldavia",
      "cn": "摩尔多瓦",
      "tr": "Moldova"
    },
    {
      "kr": "모나코",
      "pt-BR": "Mônaco",
      "pt": "Mónaco",
      "nl": "Monaco",
      "hr": "Monako",
      "fa": "موناکو",
      "de": "Monaco",
      "es": "Mónaco",
      "fr": "Monaco",
      "ja": "モナコ",
      "it": "Principato di Monaco",
      "cn": "摩纳哥",
      "tr": "Monako"
    },
    {
      "kr": "몽골",
      "pt-BR": "Mongólia",
      "pt": "Mongólia",
      "nl": "Mongolië",
      "hr": "Mongolija",
      "fa": "مغولستان",
      "de": "Mongolei",
      "es": "Mongolia",
      "fr": "Mongolie",
      "ja": "モンゴル",
      "it": "Mongolia",
      "cn": "蒙古",
      "tr": "Moğolistan"
    },
    {
      "kr": "몬테네그로",
      "pt-BR": "Montenegro",
      "pt": "Montenegro",
      "nl": "Montenegro",
      "hr": "Crna Gora",
      "fa": "مونته‌نگرو",
      "de": "Montenegro",
      "es": "Montenegro",
      "fr": "Monténégro",
      "ja": "モンテネグロ",
      "it": "Montenegro",
      "cn": "黑山",
      "tr": "Karadağ"
    },
    {
      "kr": "몬트세랫",
      "pt-BR": "Montserrat",
      "pt": "Monserrate",
      "nl": "Montserrat",
      "hr": "Montserrat",
      "fa": "مایوت",
      "de": "Montserrat",
      "es": "Montserrat",
      "fr": "Montserrat",
      "ja": "モントセラト",
      "it": "Montserrat",
      "cn": "蒙特塞拉特",
      "tr": "Montserrat"
    },
    {
      "kr": "모로코",
      "pt-BR": "Marrocos",
      "pt": "Marrocos",
      "nl": "Marokko",
      "hr": "Maroko",
      "fa": "مراکش",
      "de": "Marokko",
      "es": "Marruecos",
      "fr": "Maroc",
      "ja": "モロッコ",
      "it": "Marocco",
      "cn": "摩洛哥",
      "tr": "Fas"
    },
    {
      "kr": "모잠비크",
      "pt-BR": "Moçambique",
      "pt": "Moçambique",
      "nl": "Mozambique",
      "hr": "Mozambik",
      "fa": "موزامبیک",
      "de": "Mosambik",
      "es": "Mozambique",
      "fr": "Mozambique",
      "ja": "モザンビーク",
      "it": "Mozambico",
      "cn": "莫桑比克",
      "tr": "Mozambik"
    },
    {
      "kr": "미얀마",
      "pt-BR": "Myanmar",
      "pt": "Myanmar",
      "nl": "Myanmar",
      "hr": "Mijanmar",
      "fa": "میانمار",
      "de": "Myanmar",
      "es": "Myanmar",
      "fr": "Myanmar",
      "ja": "ミャンマー",
      "it": "Birmania",
      "cn": "缅甸",
      "tr": "Myanmar"
    },
    {
      "kr": "나미비아",
      "pt-BR": "Namíbia",
      "pt": "Namíbia",
      "nl": "Namibië",
      "hr": "Namibija",
      "fa": "نامیبیا",
      "de": "Namibia",
      "es": "Namibia",
      "fr": "Namibie",
      "ja": "ナミビア",
      "it": "Namibia",
      "cn": "纳米比亚",
      "tr": "Namibya"
    },
    {
      "kr": "나우루",
      "pt-BR": "Nauru",
      "pt": "Nauru",
      "nl": "Nauru",
      "hr": "Nauru",
      "fa": "نائورو",
      "de": "Nauru",
      "es": "Nauru",
      "fr": "Nauru",
      "ja": "ナウル",
      "it": "Nauru",
      "cn": "瑙鲁",
      "tr": "Nauru"
    },
    {
      "kr": "네팔",
      "pt-BR": "Nepal",
      "pt": "Nepal",
      "nl": "Nepal",
      "hr": "Nepal",
      "fa": "نپال",
      "de": "Népal",
      "es": "Nepal",
      "fr": "Népal",
      "ja": "ネパール",
      "it": "Nepal",
      "cn": "尼泊尔",
      "tr": "Nepal"
    },
    {
      "kr": "네덜란드 ",
      "pt-BR": "Holanda",
      "pt": "Países Baixos",
      "nl": "Nederland",
      "hr": "Nizozemska",
      "fa": "پادشاهی هلند",
      "de": "Niederlande",
      "es": "Países Bajos",
      "fr": "Pays-Bas",
      "ja": "オランダ",
      "it": "Paesi Bassi",
      "cn": "荷兰",
      "tr": "Hollanda"
    },
    {
      "kr": "누벨칼레도니",
      "pt-BR": "Nova Caledônia",
      "pt": "Nova Caledónia",
      "nl": "Nieuw-Caledonië",
      "hr": "Nova Kaledonija",
      "fa": "کالدونیای جدید",
      "de": "Neukaledonien",
      "es": "Nueva Caledonia",
      "fr": "Nouvelle-Calédonie",
      "ja": "ニューカレドニア",
      "it": "Nuova Caledonia",
      "cn": "新喀里多尼亚",
      "tr": "Yeni Kaledonya"
    },
    {
      "kr": "뉴질랜드",
      "pt-BR": "Nova Zelândia",
      "pt": "Nova Zelândia",
      "nl": "Nieuw-Zeeland",
      "hr": "Novi Zeland",
      "fa": "نیوزیلند",
      "de": "Neuseeland",
      "es": "Nueva Zelanda",
      "fr": "Nouvelle-Zélande",
      "ja": "ニュージーランド",
      "it": "Nuova Zelanda",
      "cn": "新西兰",
      "tr": "Yeni Zelanda"
    },
    {
      "kr": "니카라과",
      "pt-BR": "Nicarágua",
      "pt": "Nicarágua",
      "nl": "Nicaragua",
      "hr": "Nikaragva",
      "fa": "نیکاراگوئه",
      "de": "Nicaragua",
      "es": "Nicaragua",
      "fr": "Nicaragua",
      "ja": "ニカラグア",
      "it": "Nicaragua",
      "cn": "尼加拉瓜",
      "tr": "Nikaragua"
    },
    {
      "kr": "니제르",
      "pt-BR": "Níger",
      "pt": "Níger",
      "nl": "Niger",
      "hr": "Niger",
      "fa": "نیجر",
      "de": "Niger",
      "es": "Níger",
      "fr": "Niger",
      "ja": "ニジェール",
      "it": "Niger",
      "cn": "尼日尔",
      "tr": "Nijer"
    },
    {
      "kr": "나이지리아",
      "pt-BR": "Nigéria",
      "pt": "Nigéria",
      "nl": "Nigeria",
      "hr": "Nigerija",
      "fa": "نیجریه",
      "de": "Nigeria",
      "es": "Nigeria",
      "fr": "Nigéria",
      "ja": "ナイジェリア",
      "it": "Nigeria",
      "cn": "尼日利亚",
      "tr": "Nijerya"
    },
    {
      "kr": "니우에",
      "pt-BR": "Niue",
      "pt": "Niue",
      "nl": "Niue",
      "hr": "Niue",
      "fa": "نیووی",
      "de": "Niue",
      "es": "Niue",
      "fr": "Niue",
      "ja": "ニウエ",
      "it": "Niue",
      "cn": "纽埃",
      "tr": "Niue"
    },
    {
      "kr": "노퍽 섬",
      "pt-BR": "Ilha Norfolk",
      "pt": "Ilha Norfolk",
      "nl": "Norfolkeiland",
      "hr": "Otok Norfolk",
      "fa": "جزیره نورفک",
      "de": "Norfolkinsel",
      "es": "Isla de Norfolk",
      "fr": "Île de Norfolk",
      "ja": "ノーフォーク島",
      "it": "Isola Norfolk",
      "cn": "诺福克岛",
      "tr": "Norfolk Adasi"
    },
    {
      "kr": "조선민주주의인민공화국",
      "pt-BR": "Coreia do Norte",
      "pt": "Coreia do Norte",
      "nl": "Noord-Korea",
      "hr": "Sjeverna Koreja",
      "fa": "کره جنوبی",
      "de": "Nordkorea",
      "es": "Corea del Norte",
      "fr": "Corée du Nord",
      "ja": "朝鮮民主主義人民共和国",
      "it": "Corea del Nord",
      "cn": "朝鲜",
      "tr": "Kuzey Kore"
    },
    {
      "kr": "북마케도니아",
      "pt-BR": "Macedônia do Norte",
      "pt": "Macedónia do Norte",
      "nl": "Noord-Macedonië",
      "hr": "Sjeverna Makedonija",
      "fa": "ﻢﻗﺩﻮﻨﯿﻫ ﺶﻣﺎﻠﯾ",
      "de": "Nordmazedonien",
      "es": "Macedonia del Norte",
      "fr": "Macédoine du Nord",
      "ja": "北マケドニア",
      "it": "Macedonia del Nord",
      "cn": "北馬其頓",
      "tr": "Kuzey Makedonya"
    },
    {
      "kr": "북마리아나 제도",
      "pt-BR": "Ilhas Marianas",
      "pt": "Ilhas Marianas",
      "nl": "Noordelijke Marianeneilanden",
      "hr": "Sjevernomarijanski otoci",
      "fa": "جزایر ماریانای شمالی",
      "de": "Nördliche Marianen",
      "es": "Islas Marianas del Norte",
      "fr": "Îles Mariannes du Nord",
      "ja": "北マリアナ諸島",
      "it": "Isole Marianne Settentrionali",
      "cn": "北马里亚纳群岛",
      "tr": "Kuzey Mariana Adalari"
    },
    {
      "kr": "노르웨이",
      "pt-BR": "Noruega",
      "pt": "Noruega",
      "nl": "Noorwegen",
      "hr": "Norveška",
      "fa": "نروژ",
      "de": "Norwegen",
      "es": "Noruega",
      "fr": "Norvège",
      "ja": "ノルウェー",
      "it": "Norvegia",
      "cn": "挪威",
      "tr": "Norveç"
    },
    {
      "kr": "오만",
      "pt-BR": "Omã",
      "pt": "Omã",
      "nl": "Oman",
      "hr": "Oman",
      "fa": "عمان",
      "de": "Oman",
      "es": "Omán",
      "fr": "Oman",
      "ja": "オマーン",
      "it": "oman",
      "cn": "阿曼",
      "tr": "Umman"
    },
    {
      "kr": "파키스탄",
      "pt-BR": "Paquistão",
      "pt": "Paquistão",
      "nl": "Pakistan",
      "hr": "Pakistan",
      "fa": "پاکستان",
      "de": "Pakistan",
      "es": "Pakistán",
      "fr": "Pakistan",
      "ja": "パキスタン",
      "it": "Pakistan",
      "cn": "巴基斯坦",
      "tr": "Pakistan"
    },
    {
      "kr": "팔라우",
      "pt-BR": "Palau",
      "pt": "Palau",
      "nl": "Palau",
      "hr": "Palau",
      "fa": "پالائو",
      "de": "Palau",
      "es": "Palau",
      "fr": "Palaos",
      "ja": "パラオ",
      "it": "Palau",
      "cn": "帕劳",
      "tr": "Palau"
    },
    {
      "kr": "팔레스타인 영토",
      "pt-BR": "Palestina",
      "pt": "Palestina",
      "nl": "Palestijnse gebieden",
      "hr": "Palestina",
      "fa": "فلسطین",
      "de": "Palästina",
      "es": "Palestina",
      "fr": "Palestine",
      "ja": "パレスチナ",
      "it": "Palestina",
      "cn": "巴勒斯坦",
      "tr": "Filistin"
    },
    {
      "kr": "파나마",
      "pt-BR": "Panamá",
      "pt": "Panamá",
      "nl": "Panama",
      "hr": "Panama",
      "fa": "پاناما",
      "de": "Panama",
      "es": "Panamá",
      "fr": "Panama",
      "ja": "パナマ",
      "it": "Panama",
      "cn": "巴拿马",
      "tr": "Panama"
    },
    {
      "kr": "파푸아뉴기니",
      "pt-BR": "Papua Nova Guiné",
      "pt": "Papua Nova Guiné",
      "nl": "Papoea-Nieuw-Guinea",
      "hr": "Papua Nova Gvineja",
      "fa": "پاپوآ گینه نو",
      "de": "Papua-Neuguinea",
      "es": "Papúa Nueva Guinea",
      "fr": "Papouasie-Nouvelle-Guinée",
      "ja": "パプアニューギニア",
      "it": "Papua Nuova Guinea",
      "cn": "巴布亚新几内亚",
      "tr": "Papua Yeni Gine"
    },
    {
      "kr": "파라과이",
      "pt-BR": "Paraguai",
      "pt": "Paraguai",
      "nl": "Paraguay",
      "hr": "Paragvaj",
      "fa": "پاراگوئه",
      "de": "Paraguay",
      "es": "Paraguay",
      "fr": "Paraguay",
      "ja": "パラグアイ",
      "it": "Paraguay",
      "cn": "巴拉圭",
      "tr": "Paraguay"
    },
    {
      "kr": "페루",
      "pt-BR": "Peru",
      "pt": "Peru",
      "nl": "Peru",
      "hr": "Peru",
      "fa": "پرو",
      "de": "Peru",
      "es": "Perú",
      "fr": "Pérou",
      "ja": "ペルー",
      "it": "Perù",
      "cn": "秘鲁",
      "tr": "Peru"
    },
    {
      "kr": "필리핀",
      "pt-BR": "Filipinas",
      "pt": "Filipinas",
      "nl": "Filipijnen",
      "hr": "Filipini",
      "fa": "جزایر الندفیلیپین",
      "de": "Philippinen",
      "es": "Filipinas",
      "fr": "Philippines",
      "ja": "フィリピン",
      "it": "Filippine",
      "cn": "菲律宾",
      "tr": "Filipinler"
    },
    {
      "kr": "핏케언 제도",
      "pt-BR": "Ilhas Pitcairn",
      "pt": "Ilhas Picárnia",
      "nl": "Pitcairneilanden",
      "hr": "Pitcairnovo otočje",
      "fa": "پیتکرن",
      "de": "Pitcairn",
      "es": "Islas Pitcairn",
      "fr": "Îles Pitcairn",
      "ja": "ピトケアン",
      "it": "Isole Pitcairn",
      "cn": "皮特凯恩群岛",
      "tr": "Pitcairn Adalari"
    },
    {
      "kr": "폴란드",
      "pt-BR": "Polônia",
      "pt": "Polónia",
      "nl": "Polen",
      "hr": "Poljska",
      "fa": "لهستان",
      "de": "Polen",
      "es": "Polonia",
      "fr": "Pologne",
      "ja": "ポーランド",
      "it": "Polonia",
      "cn": "波兰",
      "tr": "Polonya"
    },
    {
      "kr": "포르투갈",
      "pt-BR": "Portugal",
      "pt": "Portugal",
      "nl": "Portugal",
      "hr": "Portugal",
      "fa": "پرتغال",
      "de": "Portugal",
      "es": "Portugal",
      "fr": "Portugal",
      "ja": "ポルトガル",
      "it": "Portogallo",
      "cn": "葡萄牙",
      "tr": "Portekiz"
    },
    {
      "kr": "푸에르토리코",
      "pt-BR": "Porto Rico",
      "pt": "Porto Rico",
      "nl": "Puerto Rico",
      "hr": "Portoriko",
      "fa": "پورتو ریکو",
      "de": "Puerto Rico",
      "es": "Puerto Rico",
      "fr": "Porto Rico",
      "ja": "プエルトリコ",
      "it": "Porto Rico",
      "cn": "波多黎各",
      "tr": "Porto Riko"
    },
    {
      "kr": "카타르",
      "pt-BR": "Catar",
      "pt": "Catar",
      "nl": "Qatar",
      "hr": "Katar",
      "fa": "قطر",
      "de": "Katar",
      "es": "Catar",
      "fr": "Qatar",
      "ja": "カタール",
      "it": "Qatar",
      "cn": "卡塔尔",
      "tr": "Katar"
    },
    {
      "kr": "레위니옹",
      "pt-BR": "Reunião",
      "pt": "Reunião",
      "nl": "Réunion",
      "hr": "Réunion",
      "fa": "رئونیون",
      "de": "Réunion",
      "es": "Reunión",
      "fr": "Réunion",
      "ja": "レユニオン",
      "it": "Riunione",
      "cn": "留尼汪岛",
      "tr": "Réunion"
    },
    {
      "kr": "루마니아",
      "pt-BR": "Romênia",
      "pt": "Roménia",
      "nl": "Roemenië",
      "hr": "Rumunjska",
      "fa": "رومانی",
      "de": "Rumänien",
      "es": "Rumania",
      "fr": "Roumanie",
      "ja": "ルーマニア",
      "it": "Romania",
      "cn": "罗马尼亚",
      "tr": "Romanya"
    },
    {
      "kr": "러시아",
      "pt-BR": "Rússia",
      "pt": "Rússia",
      "nl": "Rusland",
      "hr": "Rusija",
      "fa": "روسیه",
      "de": "Russland",
      "es": "Rusia",
      "fr": "Russie",
      "ja": "ロシア連邦",
      "it": "Russia",
      "cn": "俄罗斯联邦",
      "tr": "Rusya"
    },
    {
      "kr": "르완다",
      "pt-BR": "Ruanda",
      "pt": "Ruanda",
      "nl": "Rwanda",
      "hr": "Ruanda",
      "fa": "رواندا",
      "de": "Ruanda",
      "es": "Ruanda",
      "fr": "Rwanda",
      "ja": "ルワンダ",
      "it": "Ruanda",
      "cn": "卢旺达",
      "tr": "Ruanda"
    },
    {
      "kr": "세인트헬레나",
      "pt-BR": "Santa Helena",
      "pt": "Santa Helena",
      "nl": "Sint-Helena",
      "hr": "Sveta Helena",
      "fa": "سنت هلنا، اسنشن و تریستان دا کونا",
      "de": "Sankt Helena",
      "es": "Santa Helena",
      "fr": "Sainte-Hélène",
      "ja": "セントヘレナ・アセンションおよびトリスタンダクーニャ",
      "it": "Sant'Elena",
      "cn": "圣赫勒拿",
      "tr": "Saint Helena"
    },
    {
      "kr": "세인트키츠 네비스",
      "pt-BR": "São Cristóvão e Neves",
      "pt": "São Cristóvão e Neves",
      "nl": "Saint Kitts en Nevis",
      "hr": "Sveti Kristof i Nevis",
      "fa": "سنت کیتس و نویس",
      "de": "St. Kitts und Nevis",
      "es": "San Cristóbal y Nieves",
      "fr": "Saint-Christophe-et-Niévès",
      "ja": "セントクリストファー・ネイビス",
      "it": "Saint Kitts e Nevis",
      "cn": "圣基茨和尼维斯",
      "tr": "Saint Kitts Ve Nevis"
    },
    {
      "kr": "세인트루시아",
      "pt-BR": "Santa Lúcia",
      "pt": "Santa Lúcia",
      "nl": "Saint Lucia",
      "hr": "Sveta Lucija",
      "fa": "سنت لوسیا",
      "de": "Saint Lucia",
      "es": "Santa Lucía",
      "fr": "Saint-Lucie",
      "ja": "セントルシア",
      "it": "Santa Lucia",
      "cn": "圣卢西亚",
      "tr": "Saint Lucia"
    },
    {
      "kr": "생피에르 미클롱",
      "pt-BR": "Saint-Pierre e Miquelon",
      "pt": "São Pedro e Miquelon",
      "nl": "Saint Pierre en Miquelon",
      "hr": "Sveti Petar i Mikelon",
      "fa": "سن پیر و میکلن",
      "de": "Saint-Pierre und Miquelon",
      "es": "San Pedro y Miquelón",
      "fr": "Saint-Pierre-et-Miquelon",
      "ja": "サンピエール島・ミクロン島",
      "it": "Saint-Pierre e Miquelon",
      "cn": "圣皮埃尔和密克隆",
      "tr": "Saint Pierre Ve Miquelon"
    },
    {
      "kr": "세인트빈센트 그레나딘",
      "pt-BR": "São Vicente e Granadinas",
      "pt": "São Vicente e Granadinas",
      "nl": "Saint Vincent en de Grenadines",
      "hr": "Sveti Vincent i Grenadini",
      "fa": "سنت وینسنت و گرنادین‌ها",
      "de": "Saint Vincent und die Grenadinen",
      "es": "San Vicente y Granadinas",
      "fr": "Saint-Vincent-et-les-Grenadines",
      "ja": "セントビンセントおよびグレナディーン諸島",
      "it": "Saint Vincent e Grenadine",
      "cn": "圣文森特和格林纳丁斯",
      "tr": "Saint Vincent Ve Grenadinler"
    },
    {
      "kr": "생바르텔레미",
      "pt-BR": "São Bartolomeu",
      "pt": "São Bartolomeu",
      "nl": "Saint Barthélemy",
      "hr": "Saint Barthélemy",
      "fa": "سن-بارتلمی",
      "de": "Saint-Barthélemy",
      "es": "San Bartolomé",
      "fr": "Saint-Barthélemy",
      "ja": "サン・バルテルミー",
      "it": "Antille Francesi",
      "cn": "圣巴泰勒米",
      "tr": "Saint Barthélemy"
    },
    {
      "kr": "세인트마틴 섬",
      "pt-BR": "Saint Martin",
      "pt": "Ilha São Martinho",
      "nl": "Saint-Martin",
      "hr": "Sveti Martin",
      "fa": "سینت مارتن",
      "de": "Saint Martin",
      "es": "Saint Martin",
      "fr": "Saint-Martin",
      "ja": "サン・マルタン（フランス領）",
      "it": "Saint Martin",
      "cn": "密克罗尼西亚",
      "tr": "Saint Martin"
    },
    {
      "kr": "사모아",
      "pt-BR": "Samoa",
      "pt": "Samoa",
      "nl": "Samoa",
      "hr": "Samoa",
      "fa": "ساموآ",
      "de": "Samoa",
      "es": "Samoa",
      "fr": "Samoa",
      "ja": "サモア",
      "it": "Samoa",
      "cn": "萨摩亚",
      "tr": "Samoa"
    },
    {
      "kr": "산마리노",
      "pt-BR": "San Marino",
      "pt": "São Marinho",
      "nl": "San Marino",
      "hr": "San Marino",
      "fa": "سان مارینو",
      "de": "San Marino",
      "es": "San Marino",
      "fr": "Saint-Marin",
      "ja": "サンマリノ",
      "it": "San Marino",
      "cn": "圣马力诺",
      "tr": "San Marino"
    },
    {
      "kr": "상투메 프린시페",
      "pt-BR": "São Tomé e Príncipe",
      "pt": "São Tomé e Príncipe",
      "nl": "Sao Tomé en Principe",
      "hr": "Sveti Toma i Princip",
      "fa": "کواترو دو فرویرو",
      "de": "São Tomé und Príncipe",
      "es": "Santo Tomé y Príncipe",
      "fr": "Sao Tomé-et-Principe",
      "ja": "サントメ・プリンシペ",
      "it": "São Tomé e Príncipe",
      "cn": "圣多美和普林西比",
      "tr": "Sao Tome Ve Prinsipe"
    },
    {
      "kr": "사우디아라비아",
      "pt-BR": "Arábia Saudita",
      "pt": "Arábia Saudita",
      "nl": "Saoedi-Arabië",
      "hr": "Saudijska Arabija",
      "fa": "عربستان سعودی",
      "de": "Saudi-Arabien",
      "es": "Arabia Saudí",
      "fr": "Arabie Saoudite",
      "ja": "サウジアラビア",
      "it": "Arabia Saudita",
      "cn": "沙特阿拉伯",
      "tr": "Suudi Arabistan"
    },
    {
      "kr": "세네갈",
      "pt-BR": "Senegal",
      "pt": "Senegal",
      "nl": "Senegal",
      "hr": "Senegal",
      "fa": "سنگال",
      "de": "Senegal",
      "es": "Senegal",
      "fr": "Sénégal",
      "ja": "セネガル",
      "it": "Senegal",
      "cn": "塞内加尔",
      "tr": "Senegal"
    },
    {
      "kr": "세르비아",
      "pt-BR": "Sérvia",
      "pt": "Sérvia",
      "nl": "Servië",
      "hr": "Srbija",
      "fa": "صربستان",
      "de": "Serbien",
      "es": "Serbia",
      "fr": "Serbie",
      "ja": "セルビア",
      "it": "Serbia",
      "cn": "塞尔维亚",
      "tr": "Sirbistan"
    },
    {
      "kr": "세이셸",
      "pt-BR": "Seicheles",
      "pt": "Seicheles",
      "nl": "Seychellen",
      "hr": "Sejšeli",
      "fa": "سیشل",
      "de": "Seychellen",
      "es": "Seychelles",
      "fr": "Seychelles",
      "ja": "セーシェル",
      "it": "Seychelles",
      "cn": "塞舌尔",
      "tr": "Seyşeller"
    },
    {
      "kr": "시에라리온",
      "pt-BR": "Serra Leoa",
      "pt": "Serra Leoa",
      "nl": "Sierra Leone",
      "hr": "Sijera Leone",
      "fa": "سیرالئون",
      "de": "Sierra Leone",
      "es": "Sierra Leone",
      "fr": "Sierra Leone",
      "ja": "シエラレオネ",
      "it": "Sierra Leone",
      "cn": "塞拉利昂",
      "tr": "Sierra Leone"
    },
    {
      "kr": "싱가포르",
      "pt-BR": "Singapura",
      "pt": "Singapura",
      "nl": "Singapore",
      "hr": "Singapur",
      "fa": "سنگاپور",
      "de": "Singapur",
      "es": "Singapur",
      "fr": "Singapour",
      "ja": "シンガポール",
      "it": "Singapore",
      "cn": "新加坡",
      "tr": "Singapur"
    },
    {
      "kr": "신트마르턴",
      "pt-BR": "Sint Maarten",
      "pt": "São Martinho",
      "nl": "Sint Maarten",
      "fa": "سینت مارتن",
      "de": "Sint Maarten (niederl. Teil)",
      "fr": "Saint Martin (partie néerlandaise)",
      "it": "Saint Martin (parte olandese)",
      "cn": "圣马丁岛（荷兰部分）",
      "tr": "Sint Maarten"
    },
    {
      "kr": "슬로바키아",
      "pt-BR": "Eslováquia",
      "pt": "Eslováquia",
      "nl": "Slowakije",
      "hr": "Slovačka",
      "fa": "اسلواکی",
      "de": "Slowakei",
      "es": "República Eslovaca",
      "fr": "Slovaquie",
      "ja": "スロバキア",
      "it": "Slovacchia",
      "cn": "斯洛伐克",
      "tr": "Slovakya"
    },
    {
      "kr": "슬로베니아",
      "pt-BR": "Eslovênia",
      "pt": "Eslovénia",
      "nl": "Slovenië",
      "hr": "Slovenija",
      "fa": "اسلوونی",
      "de": "Slowenien",
      "es": "Eslovenia",
      "fr": "Slovénie",
      "ja": "スロベニア",
      "it": "Slovenia",
      "cn": "斯洛文尼亚",
      "tr": "Slovenya"
    },
    {
      "kr": "솔로몬 제도",
      "pt-BR": "Ilhas Salomão",
      "pt": "Ilhas Salomão",
      "nl": "Salomonseilanden",
      "hr": "Solomonski Otoci",
      "fa": "جزایر سلیمان",
      "de": "Salomonen",
      "es": "Islas Salomón",
      "fr": "Îles Salomon",
      "ja": "ソロモン諸島",
      "it": "Isole Salomone",
      "cn": "所罗门群岛",
      "tr": "Solomon Adalari"
    },
    {
      "kr": "소말리아",
      "pt-BR": "Somália",
      "pt": "Somália",
      "nl": "Somalië",
      "hr": "Somalija",
      "fa": "سومالی",
      "de": "Somalia",
      "es": "Somalia",
      "fr": "Somalie",
      "ja": "ソマリア",
      "it": "Somalia",
      "cn": "索马里",
      "tr": "Somali"
    },
    {
      "kr": "남아프리카 공화국",
      "pt-BR": "República Sul-Africana",
      "pt": "República Sul-Africana",
      "nl": "Zuid-Afrika",
      "hr": "Južnoafrička Republika",
      "fa": "آفریقای جنوبی",
      "de": "Republik Südafrika",
      "es": "República de Sudáfrica",
      "fr": "Afrique du Sud",
      "ja": "南アフリカ",
      "it": "Sud Africa",
      "cn": "南非",
      "tr": "Güney Afrika Cumhuriyeti"
    },
    {
      "kr": "사우스조지아",
      "pt-BR": "Ilhas Geórgias do Sul e Sandwich do Sul",
      "pt": "Ilhas Geórgia do Sul e Sanduíche do Sul",
      "nl": "Zuid-Georgia en Zuidelijke Sandwicheilanden",
      "hr": "Južna Georgija i otočje Južni Sandwich",
      "fa": "جزایر جورجیای جنوبی و ساندویچ جنوبی",
      "de": "Südgeorgien und die Südlichen Sandwichinseln",
      "es": "Islas Georgias del Sur y Sandwich del Sur",
      "fr": "Géorgie du Sud-et-les Îles Sandwich du Sud",
      "ja": "サウスジョージア・サウスサンドウィッチ諸島",
      "it": "Georgia del Sud e Isole Sandwich Meridionali",
      "cn": "南乔治亚",
      "tr": "Güney Georgia"
    },
    {
      "kr": "대한민국",
      "pt-BR": "Coreia do Sul",
      "pt": "Coreia do Sul",
      "nl": "Zuid-Korea",
      "hr": "Južna Koreja",
      "fa": "کره شمالی",
      "de": "Südkorea",
      "es": "Corea del Sur",
      "fr": "Corée du Sud",
      "ja": "大韓民国",
      "it": "Corea del Sud",
      "cn": "韩国",
      "tr": "Güney Kore"
    },
    {
      "kr": "남수단",
      "pt-BR": "Sudão do Sul",
      "pt": "Sudão do Sul",
      "nl": "Zuid-Soedan",
      "hr": "Južni Sudan",
      "fa": "سودان جنوبی",
      "de": "Südsudan",
      "es": "Sudán del Sur",
      "fr": "Soudan du Sud",
      "ja": "南スーダン",
      "it": "Sudan del sud",
      "cn": "南苏丹",
      "tr": "Güney Sudan"
    },
    {
      "kr": "스페인",
      "pt-BR": "Espanha",
      "pt": "Espanha",
      "nl": "Spanje",
      "hr": "Španjolska",
      "fa": "اسپانیا",
      "de": "Spanien",
      "es": "España",
      "fr": "Espagne",
      "ja": "スペイン",
      "it": "Spagna",
      "cn": "西班牙",
      "tr": "İspanya"
    },
    {
      "kr": "스리랑카",
      "pt-BR": "Sri Lanka",
      "pt": "Sri Lanka",
      "nl": "Sri Lanka",
      "hr": "Šri Lanka",
      "fa": "سری‌لانکا",
      "de": "Sri Lanka",
      "es": "Sri Lanka",
      "fr": "Sri Lanka",
      "ja": "スリランカ",
      "it": "Sri Lanka",
      "cn": "斯里兰卡",
      "tr": "Sri Lanka"
    },
    {
      "kr": "수단",
      "pt-BR": "Sudão",
      "pt": "Sudão",
      "nl": "Soedan",
      "hr": "Sudan",
      "fa": "سودان",
      "de": "Sudan",
      "es": "Sudán",
      "fr": "Soudan",
      "ja": "スーダン",
      "it": "Sudan",
      "cn": "苏丹",
      "tr": "Sudan"
    },
    {
      "kr": "수리남",
      "pt-BR": "Suriname",
      "pt": "Suriname",
      "nl": "Suriname",
      "hr": "Surinam",
      "fa": "سورینام",
      "de": "Suriname",
      "es": "Surinam",
      "fr": "Surinam",
      "ja": "スリナム",
      "it": "Suriname",
      "cn": "苏里南",
      "tr": "Surinam"
    },
    {
      "kr": "스발바르 얀마옌 제도",
      "pt-BR": "Svalbard",
      "pt": "Svalbard",
      "nl": "Svalbard en Jan Mayen",
      "hr": "Svalbard i Jan Mayen",
      "fa": "سوالبارد و یان ماین",
      "de": "Svalbard und Jan Mayen",
      "es": "Islas Svalbard y Jan Mayen",
      "fr": "Svalbard et Jan Mayen",
      "ja": "スヴァールバル諸島およびヤンマイエン島",
      "it": "Svalbard e Jan Mayen",
      "cn": "斯瓦尔巴和扬马延群岛",
      "tr": "Svalbard Ve Jan Mayen"
    },
    {
      "kr": "에스와티니",
      "pt-BR": "Suazilândia",
      "pt": "Suazilândia",
      "nl": "Swaziland",
      "hr": "Svazi",
      "fa": "سوازیلند",
      "de": "Swasiland",
      "es": "Suazilandia",
      "fr": "Swaziland",
      "ja": "スワジランド",
      "it": "Swaziland",
      "cn": "斯威士兰",
      "tr": "Esvatini"
    },
    {
      "kr": "스웨덴",
      "pt-BR": "Suécia",
      "pt": "Suécia",
      "nl": "Zweden",
      "hr": "Švedska",
      "fa": "سوئد",
      "de": "Schweden",
      "es": "Suecia",
      "fr": "Suède",
      "ja": "スウェーデン",
      "it": "Svezia",
      "cn": "瑞典",
      "tr": "İsveç"
    },
    {
      "kr": "스위스",
      "pt-BR": "Suíça",
      "pt": "Suíça",
      "nl": "Zwitserland",
      "hr": "Švicarska",
      "fa": "سوئیس",
      "de": "Schweiz",
      "es": "Suiza",
      "fr": "Suisse",
      "ja": "スイス",
      "it": "Svizzera",
      "cn": "瑞士",
      "tr": "İsviçre"
    },
    {
      "kr": "시리아",
      "pt-BR": "Síria",
      "pt": "Síria",
      "nl": "Syrië",
      "hr": "Sirija",
      "fa": "سوریه",
      "de": "Syrien",
      "es": "Siria",
      "fr": "Syrie",
      "ja": "シリア・アラブ共和国",
      "it": "Siria",
      "cn": "叙利亚",
      "tr": "Suriye"
    },
    {
      "kr": "대만",
      "pt-BR": "Taiwan",
      "pt": "Taiwan",
      "nl": "Taiwan",
      "hr": "Tajvan",
      "fa": "تایوان",
      "de": "Taiwan",
      "es": "Taiwán",
      "fr": "Taïwan",
      "ja": "台湾（中華民国）",
      "it": "Taiwan",
      "cn": "中国台湾",
      "tr": "Tayvan"
    },
    {
      "kr": "타지키스탄",
      "pt-BR": "Tajiquistão",
      "pt": "Tajiquistão",
      "nl": "Tadzjikistan",
      "hr": "Tađikistan",
      "fa": "تاجیکستان",
      "de": "Tadschikistan",
      "es": "Tayikistán",
      "fr": "Tadjikistan",
      "ja": "タジキスタン",
      "it": "Tagikistan",
      "cn": "塔吉克斯坦",
      "tr": "Tacikistan"
    },
    {
      "kr": "탄자니아",
      "pt-BR": "Tanzânia",
      "pt": "Tanzânia",
      "nl": "Tanzania",
      "hr": "Tanzanija",
      "fa": "تانزانیا",
      "de": "Tansania",
      "es": "Tanzania",
      "fr": "Tanzanie",
      "ja": "タンザニア",
      "it": "Tanzania",
      "cn": "坦桑尼亚",
      "tr": "Tanzanya"
    },
    {
      "kr": "태국",
      "pt-BR": "Tailândia",
      "pt": "Tailândia",
      "nl": "Thailand",
      "hr": "Tajland",
      "fa": "تایلند",
      "de": "Thailand",
      "es": "Tailandia",
      "fr": "Thaïlande",
      "ja": "タイ",
      "it": "Tailandia",
      "cn": "泰国",
      "tr": "Tayland"
    },
    {
      "kr": "바하마",
      "pt-BR": "Bahamas",
      "pt": "Baamas",
      "nl": "Bahama’s",
      "hr": "Bahami",
      "fa": "باهاما",
      "de": "Bahamas",
      "es": "Bahamas",
      "fr": "Bahamas",
      "ja": "バハマ",
      "it": "Bahamas",
      "cn": "巴哈马",
      "tr": "Bahamalar"
    },
    {
      "kr": "토고",
      "pt-BR": "Togo",
      "pt": "Togo",
      "nl": "Togo",
      "hr": "Togo",
      "fa": "توگو",
      "de": "Togo",
      "es": "Togo",
      "fr": "Togo",
      "ja": "トーゴ",
      "it": "Togo",
      "cn": "多哥",
      "tr": "Togo"
    },
    {
      "kr": "토켈라우",
      "pt-BR": "Tokelau",
      "pt": "Toquelau",
      "nl": "Tokelau",
      "hr": "Tokelau",
      "fa": "توکلائو",
      "de": "Tokelau",
      "es": "Islas Tokelau",
      "fr": "Tokelau",
      "ja": "トケラウ",
      "it": "Isole Tokelau",
      "cn": "托克劳",
      "tr": "Tokelau"
    },
    {
      "kr": "통가",
      "pt-BR": "Tonga",
      "pt": "Tonga",
      "nl": "Tonga",
      "hr": "Tonga",
      "fa": "تونگا",
      "de": "Tonga",
      "es": "Tonga",
      "fr": "Tonga",
      "ja": "トンガ",
      "it": "Tonga",
      "cn": "汤加",
      "tr": "Tonga"
    },
    {
      "kr": "트리니다드 토바고",
      "pt-BR": "Trinidad e Tobago",
      "pt": "Trindade e Tobago",
      "nl": "Trinidad en Tobago",
      "hr": "Trinidad i Tobago",
      "fa": "ترینیداد و توباگو",
      "de": "Trinidad und Tobago",
      "es": "Trinidad y Tobago",
      "fr": "Trinité et Tobago",
      "ja": "トリニダード・トバゴ",
      "it": "Trinidad e Tobago",
      "cn": "特立尼达和多巴哥",
      "tr": "Trinidad Ve Tobago"
    },
    {
      "kr": "튀니지",
      "pt-BR": "Tunísia",
      "pt": "Tunísia",
      "nl": "Tunesië",
      "hr": "Tunis",
      "fa": "تونس",
      "de": "Tunesien",
      "es": "Túnez",
      "fr": "Tunisie",
      "ja": "チュニジア",
      "it": "Tunisia",
      "cn": "突尼斯",
      "tr": "Tunus"
    },
    {
      "kr": "터키",
      "pt-BR": "Turquia",
      "pt": "Turquia",
      "nl": "Turkije",
      "hr": "Turska",
      "fa": "ترکیه",
      "de": "Türkei",
      "es": "Turquía",
      "fr": "Turquie",
      "ja": "トルコ",
      "it": "Turchia",
      "cn": "土耳其",
      "tr": "Türkiye"
    },
    {
      "kr": "투르크메니스탄",
      "pt-BR": "Turcomenistão",
      "pt": "Turquemenistão",
      "nl": "Turkmenistan",
      "hr": "Turkmenistan",
      "fa": "ترکمنستان",
      "de": "Turkmenistan",
      "es": "Turkmenistán",
      "fr": "Turkménistan",
      "ja": "トルクメニスタン",
      "it": "Turkmenistan",
      "cn": "土库曼斯坦",
      "tr": "Türkmenistan"
    },
    {
      "kr": "터크스 케이커스 제도",
      "pt-BR": "Ilhas Turcas e Caicos",
      "pt": "Ilhas Turcas e Caicos",
      "nl": "Turks- en Caicoseilanden",
      "hr": "Otoci Turks i Caicos",
      "fa": "جزایر تورکس و کایکوس",
      "de": "Turks- und Caicosinseln",
      "es": "Islas Turks y Caicos",
      "fr": "Îles Turques-et-Caïques",
      "ja": "タークス・カイコス諸島",
      "it": "Isole Turks e Caicos",
      "cn": "特克斯和凯科斯群岛",
      "tr": "Turks Ve Caicos Adalari"
    },
    {
      "kr": "투발루",
      "pt-BR": "Tuvalu",
      "pt": "Tuvalu",
      "nl": "Tuvalu",
      "hr": "Tuvalu",
      "fa": "تووالو",
      "de": "Tuvalu",
      "es": "Tuvalu",
      "fr": "Tuvalu",
      "ja": "ツバル",
      "it": "Tuvalu",
      "cn": "图瓦卢",
      "tr": "Tuvalu"
    },
    {
      "kr": "우간다",
      "pt-BR": "Uganda",
      "pt": "Uganda",
      "nl": "Oeganda",
      "hr": "Uganda",
      "fa": "اوگاندا",
      "de": "Uganda",
      "es": "Uganda",
      "fr": "Uganda",
      "ja": "ウガンダ",
      "it": "Uganda",
      "cn": "乌干达",
      "tr": "Uganda"
    },
    {
      "kr": "우크라이나",
      "pt-BR": "Ucrânia",
      "pt": "Ucrânia",
      "nl": "Oekraïne",
      "hr": "Ukrajina",
      "fa": "وکراین",
      "de": "Ukraine",
      "es": "Ucrania",
      "fr": "Ukraine",
      "ja": "ウクライナ",
      "it": "Ucraina",
      "cn": "乌克兰",
      "tr": "Ukrayna"
    },
    {
      "kr": "아랍에미리트",
      "pt-BR": "Emirados árabes Unidos",
      "pt": "Emirados árabes Unidos",
      "nl": "Verenigde Arabische Emiraten",
      "hr": "Ujedinjeni Arapski Emirati",
      "fa": "امارات متحده عربی",
      "de": "Vereinigte Arabische Emirate",
      "es": "Emiratos Árabes Unidos",
      "fr": "Émirats arabes unis",
      "ja": "アラブ首長国連邦",
      "it": "Emirati Arabi Uniti",
      "cn": "阿拉伯联合酋长国",
      "tr": "Birleşik Arap Emirlikleri"
    },
    {
      "kr": "영국",
      "pt-BR": "Reino Unido",
      "pt": "Reino Unido",
      "nl": "Verenigd Koninkrijk",
      "hr": "Ujedinjeno Kraljevstvo",
      "fa": "بریتانیای کبیر و ایرلند شمالی",
      "de": "Vereinigtes Königreich",
      "es": "Reino Unido",
      "fr": "Royaume-Uni",
      "ja": "イギリス",
      "it": "Regno Unito",
      "cn": "英国",
      "tr": "Birleşik Krallik"
    },
    {
      "kr": "미국",
      "pt-BR": "Estados Unidos",
      "pt": "Estados Unidos",
      "nl": "Verenigde Staten",
      "hr": "Sjedinjene Američke Države",
      "fa": "ایالات متحده آمریکا",
      "de": "Vereinigte Staaten von Amerika",
      "es": "Estados Unidos",
      "fr": "États-Unis",
      "ja": "アメリカ合衆国",
      "it": "Stati Uniti D'America",
      "cn": "美国",
      "tr": "Amerika"
    },
    {
      "kr": "미국령 군소 제도",
      "pt-BR": "Ilhas Menores Distantes dos Estados Unidos",
      "pt": "Ilhas Menores Distantes dos Estados Unidos",
      "nl": "Kleine afgelegen eilanden van de Verenigde Staten",
      "hr": "Mali udaljeni otoci SAD-a",
      "fa": "جزایر کوچک حاشیه‌ای ایالات متحده آمریکا",
      "de": "Kleinere Inselbesitzungen der Vereinigten Staaten",
      "es": "Islas Ultramarinas Menores de Estados Unidos",
      "fr": "Îles mineures éloignées des États-Unis",
      "ja": "合衆国領有小離島",
      "it": "Isole minori esterne degli Stati Uniti d'America",
      "cn": "美国本土外小岛屿",
      "tr": "Abd Küçük Harici Adalari"
    },
    {
      "kr": "우루과이",
      "pt-BR": "Uruguai",
      "pt": "Uruguai",
      "nl": "Uruguay",
      "hr": "Urugvaj",
      "fa": "اروگوئه",
      "de": "Uruguay",
      "es": "Uruguay",
      "fr": "Uruguay",
      "ja": "ウルグアイ",
      "it": "Uruguay",
      "cn": "乌拉圭",
      "tr": "Uruguay"
    },
    {
      "kr": "우즈베키스탄",
      "pt-BR": "Uzbequistão",
      "pt": "Usbequistão",
      "nl": "Oezbekistan",
      "hr": "Uzbekistan",
      "fa": "ازبکستان",
      "de": "Usbekistan",
      "es": "Uzbekistán",
      "fr": "Ouzbékistan",
      "ja": "ウズベキスタン",
      "it": "Uzbekistan",
      "cn": "乌兹别克斯坦",
      "tr": "Özbekistan"
    },
    {
      "kr": "바누아투",
      "pt-BR": "Vanuatu",
      "pt": "Vanuatu",
      "nl": "Vanuatu",
      "hr": "Vanuatu",
      "fa": "وانواتو",
      "de": "Vanuatu",
      "es": "Vanuatu",
      "fr": "Vanuatu",
      "ja": "バヌアツ",
      "it": "Vanuatu",
      "cn": "瓦努阿图",
      "tr": "Vanuatu"
    },
    {
      "kr": "바티칸 시국",
      "pt-BR": "Vaticano",
      "pt": "Vaticano",
      "nl": "Heilige Stoel",
      "hr": "Sveta Stolica",
      "fa": "سریر مقدس",
      "de": "Heiliger Stuhl",
      "es": "Santa Sede",
      "fr": "voir Saint",
      "ja": "聖座",
      "it": "Santa Sede",
      "cn": "梵蒂冈",
      "tr": "Vatikan"
    },
    {
      "kr": "베네수엘라",
      "pt-BR": "Venezuela",
      "pt": "Venezuela",
      "nl": "Venezuela",
      "hr": "Venezuela",
      "fa": "ونزوئلا",
      "de": "Venezuela",
      "es": "Venezuela",
      "fr": "Venezuela",
      "ja": "ベネズエラ・ボリバル共和国",
      "it": "Venezuela",
      "cn": "委内瑞拉",
      "tr": "Venezuela"
    },
    {
      "kr": "베트남",
      "pt-BR": "Vietnã",
      "pt": "Vietname",
      "nl": "Vietnam",
      "hr": "Vijetnam",
      "fa": "ویتنام",
      "de": "Vietnam",
      "es": "Vietnam",
      "fr": "Viêt Nam",
      "ja": "ベトナム",
      "it": "Vietnam",
      "cn": "越南",
      "tr": "Vietnam"
    },
    {
      "kr": "영국령 버진아일랜드",
      "pt-BR": "Ilhas Virgens Britânicas",
      "pt": "Ilhas Virgens Britânicas",
      "nl": "Britse Maagdeneilanden",
      "hr": "Britanski Djevičanski Otoci",
      "fa": "جزایر ویرجین بریتانیا",
      "de": "Britische Jungferninseln",
      "es": "Islas Vírgenes del Reino Unido",
      "fr": "Îles Vierges britanniques",
      "ja": "イギリス領ヴァージン諸島",
      "it": "Isole Vergini Britanniche",
      "cn": "圣文森特和格林纳丁斯",
      "tr": "Britanya Virjin Adalari"
    },
    {
      "kr": "미국령 버진아일랜드",
      "pt-BR": "Ilhas Virgens Americanas",
      "pt": "Ilhas Virgens Americanas",
      "nl": "Verenigde Staten Maagdeneilanden",
      "fa": "جزایر ویرجین آمریکا",
      "de": "Amerikanische Jungferninseln",
      "es": "Islas Vírgenes de los Estados Unidos",
      "fr": "Îles Vierges des États-Unis",
      "ja": "アメリカ領ヴァージン諸島",
      "it": "Isole Vergini americane",
      "cn": "维尔京群岛（美国）",
      "tr": "Abd Virjin Adalari"
    },
    {
      "kr": "왈리스 푸투나",
      "pt-BR": "Wallis e Futuna",
      "pt": "Wallis e Futuna",
      "nl": "Wallis en Futuna",
      "hr": "Wallis i Fortuna",
      "fa": "والیس و فوتونا",
      "de": "Wallis und Futuna",
      "es": "Wallis y Futuna",
      "fr": "Wallis-et-Futuna",
      "ja": "ウォリス・フツナ",
      "it": "Wallis e Futuna",
      "cn": "瓦利斯群岛和富图纳群岛",
      "tr": "Wallis Ve Futuna"
    },
    {
      "kr": "서사하라",
      "pt-BR": "Saara Ocidental",
      "pt": "Saara Ocidental",
      "nl": "Westelijke Sahara",
      "hr": "Zapadna Sahara",
      "fa": "جمهوری دموکراتیک عربی صحرا",
      "de": "Westsahara",
      "es": "Sahara Occidental",
      "fr": "Sahara Occidental",
      "ja": "西サハラ",
      "it": "Sahara Occidentale",
      "cn": "西撒哈拉",
      "tr": "Bati Sahra"
    },
    {
      "kr": "예멘",
      "pt-BR": "Iêmen",
      "pt": "Iémen",
      "nl": "Jemen",
      "hr": "Jemen",
      "fa": "یمن",
      "de": "Jemen",
      "es": "Yemen",
      "fr": "Yémen",
      "ja": "イエメン",
      "it": "Yemen",
      "cn": "也门",
      "tr": "Yemen"
    },
    {
      "kr": "잠비아",
      "pt-BR": "Zâmbia",
      "pt": "Zâmbia",
      "nl": "Zambia",
      "hr": "Zambija",
      "fa": "زامبیا",
      "de": "Sambia",
      "es": "Zambia",
      "fr": "Zambie",
      "ja": "ザンビア",
      "it": "Zambia",
      "cn": "赞比亚",
      "tr": "Zambiya"
    },
    {
      "kr": "짐바브웨",
      "pt-BR": "Zimbabwe",
      "pt": "Zimbabué",
      "nl": "Zimbabwe",
      "hr": "Zimbabve",
      "fa": "زیمباوه",
      "de": "Simbabwe",
      "es": "Zimbabue",
      "fr": "Zimbabwe",
      "ja": "ジンバブエ",
      "it": "Zimbabwe",
      "cn": "津巴布韦",
      "tr": "Zimbabve"
    }
  ]